,mean_fit_time,std_fit_time,mean_score_time,std_score_time,param_C,param_cache_size,param_degree,param_gamma,param_kernel,param_max_iter,params,split0_test_score,split1_test_score,split2_test_score,split3_test_score,split4_test_score,mean_test_score,std_test_score,rank_test_score
0,5.290478897094727,0.4562505065850732,0.7490273475646972,0.05544717324086984,0.01,2000,2,0.1,rbf,7500,"{'C': 0.01, 'cache_size': 2000, 'degree': 2, 'gamma': 0.1, 'kernel': 'rbf', 'max_iter': 7500}",-0.03081301270654735,-0.033925196282523995,-0.027549821499601057,-0.032208237682999075,-0.05868422937261797,-0.03663609950885789,0.011220907049872766,107
1,3.0678099155426026,0.16135579243180118,0.22499289512634277,0.03775807036925722,0.01,2000,2,0.1,linear,7500,"{'C': 0.01, 'cache_size': 2000, 'degree': 2, 'gamma': 0.1, 'kernel': 'linear', 'max_iter': 7500}",0.24874269271208138,0.23940224740632976,0.20618829485652357,0.28791585163935085,0.2884289351430801,0.25413560435147314,0.031184090284119306,3
2,3.006152534484863,0.2106907929960161,0.2812408447265625,0.04940725603103898,0.01,2000,2,0.1,poly,7500,"{'C': 0.01, 'cache_size': 2000, 'degree': 2, 'gamma': 0.1, 'kernel': 'poly', 'max_iter': 7500}",0.2483987761198596,0.2470765254462144,0.21056706917338408,0.3692865173713863,0.31750874053727873,0.2785675257296246,0.05704779101580969,1
3,2.1030578136444094,0.05466425279611219,0.2999886989593506,0.06202955579150003,0.01,2000,2,0.1,sigmoid,7500,"{'C': 0.01, 'cache_size': 2000, 'degree': 2, 'gamma': 0.1, 'kernel': 'sigmoid', 'max_iter': 7500}",-0.03949380810519654,-0.04369112409596787,-0.03705699880972002,-0.042537357951423216,-0.06992927525412185,-0.0465417128432859,0.011922848244633253,159
4,4.134455299377441,0.35496062561892994,0.6666321277618408,0.016460134850355343,0.01,2000,2,1e-05,rbf,7500,"{'C': 0.01, 'cache_size': 2000, 'degree': 2, 'gamma': 1e-05, 'kernel': 'rbf', 'max_iter': 7500}",-0.03943389678949183,-0.043781833174827645,-0.0363541241347789,-0.04196579939407252,-0.06981274313027841,-0.04626967932468986,0.01203357612573467,142
5,2.8863730430603027,0.23737425754917554,0.22193288803100586,0.03482396881617246,0.01,2000,2,1e-05,linear,7500,"{'C': 0.01, 'cache_size': 2000, 'degree': 2, 'gamma': 1e-05, 'kernel': 'linear', 'max_iter': 7500}",0.24874269271208138,0.23940224740632976,0.20618829485652357,0.28791585163935085,0.2884289351430801,0.25413560435147314,0.031184090284119306,3
6,2.7996310710906984,0.1336939944070334,0.3026761531829834,0.056858630683672,0.01,2000,2,1e-05,poly,7500,"{'C': 0.01, 'cache_size': 2000, 'degree': 2, 'gamma': 1e-05, 'kernel': 'poly', 'max_iter': 7500}",-0.03947578038509336,-0.043681514890423934,-0.03698070391928865,-0.042477790752554645,-0.06990173221989959,-0.04650350443345204,0.011930797912130104,155
7,3.699313020706177,0.10925383803349469,0.5468574523925781,0.0784345408106678,0.01,2000,2,1e-05,sigmoid,7500,"{'C': 0.01, 'cache_size': 2000, 'degree': 2, 'gamma': 1e-05, 'kernel': 'sigmoid', 'max_iter': 7500}",-0.03946069028902155,-0.04374953344739341,-0.036603748485802834,-0.04226700180509124,-0.06987694297674318,-0.04639158340081044,0.011994946497233216,147
8,8.64313201904297,0.8406465287080844,1.8459035873413085,0.2720298415779822,0.01,2000,2,1000.0,rbf,7500,"{'C': 0.01, 'cache_size': 2000, 'degree': 2, 'gamma': 1000.0, 'kernel': 'rbf', 'max_iter': 7500}",-0.03948538456631989,-0.043692631028467765,-0.036849595991583994,-0.04241850477183462,-0.0698593736959956,-0.046461098010840376,0.011937569465291514,151
9,3.5520612239837646,0.1989472247956687,0.28035221099853513,0.044789963809251813,0.01,2000,2,1000.0,linear,7500,"{'C': 0.01, 'cache_size': 2000, 'degree': 2, 'gamma': 1000.0, 'kernel': 'linear', 'max_iter': 7500}",0.24874269271208138,0.23940224740632976,0.20618829485652357,0.28791585163935085,0.2884289351430801,0.25413560435147314,0.031184090284119306,3
10,1.478966522216797,0.32993743015687366,0.028124094009399414,0.018221773762046208,0.01,2000,2,1000.0,poly,7500,"{'C': 0.01, 'cache_size': 2000, 'degree': 2, 'gamma': 1000.0, 'kernel': 'poly', 'max_iter': 7500}",-17964530758.808125,-1684131834.5085921,-362992346.86642116,-26345.690534147398,-938349360.2231498,-4190006129.219363,6910747739.168289,219
11,2.0999353408813475,0.07234882009938193,0.29686336517333983,0.03563087944422374,0.01,2000,2,1000.0,sigmoid,7500,"{'C': 0.01, 'cache_size': 2000, 'degree': 2, 'gamma': 1000.0, 'kernel': 'sigmoid', 'max_iter': 7500}",-0.03949380810519654,-0.04369112409596787,-0.03705699880972002,-0.042537357951423216,-0.06992927525412185,-0.0465417128432859,0.011922848244633253,159
12,4.893063497543335,0.4379790828378508,0.7052500247955322,0.06826198774873864,0.01,2000,2,auto,rbf,7500,"{'C': 0.01, 'cache_size': 2000, 'degree': 2, 'gamma': 'auto', 'kernel': 'rbf', 'max_iter': 7500}",-0.03081301270654735,-0.033925196282523995,-0.027549821499601057,-0.032208237682999075,-0.05868422937261797,-0.03663609950885789,0.011220907049872766,107
13,2.8626465797424316,0.18807202251553112,0.22499399185180663,0.035076007489607035,0.01,2000,2,auto,linear,7500,"{'C': 0.01, 'cache_size': 2000, 'degree': 2, 'gamma': 'auto', 'kernel': 'linear', 'max_iter': 7500}",0.24874269271208138,0.23940224740632976,0.20618829485652357,0.28791585163935085,0.2884289351430801,0.25413560435147314,0.031184090284119306,3
14,3.199896955490112,0.27249546787841006,0.26561651229858396,0.05502042257831913,0.01,2000,2,auto,poly,7500,"{'C': 0.01, 'cache_size': 2000, 'degree': 2, 'gamma': 'auto', 'kernel': 'poly', 'max_iter': 7500}",0.2483987761198596,0.2470765254462144,0.21056706917338408,0.3692865173713863,0.31750874053727873,0.2785675257296246,0.05704779101580969,1
15,2.3780495643615724,0.3216382198876503,0.31249055862426756,0.05502107249660133,0.01,2000,2,auto,sigmoid,7500,"{'C': 0.01, 'cache_size': 2000, 'degree': 2, 'gamma': 'auto', 'kernel': 'sigmoid', 'max_iter': 7500}",-0.03949380810519654,-0.04369112409596787,-0.03705699880972002,-0.042537357951423216,-0.06992927525412185,-0.0465417128432859,0.011922848244633253,159
16,4.079025459289551,0.4120612802046512,0.6333647251129151,0.035156170940778525,0.01,2000,2,scale,rbf,7500,"{'C': 0.01, 'cache_size': 2000, 'degree': 2, 'gamma': 'scale', 'kernel': 'rbf', 'max_iter': 7500}",-0.03856763567155741,-0.04013015869425551,-0.03303069890471133,-0.03948675240685229,-0.06929502630823592,-0.04410205439712249,0.01284497960075627,130
17,2.6327442646026613,0.12515123643370502,0.21874256134033204,0.04841101452089478,0.01,2000,2,scale,linear,7500,"{'C': 0.01, 'cache_size': 2000, 'degree': 2, 'gamma': 'scale', 'kernel': 'linear', 'max_iter': 7500}",0.24874269271208138,0.23940224740632976,0.20618829485652357,0.28791585163935085,0.2884289351430801,0.25413560435147314,0.031184090284119306,3
18,2.8030325889587404,0.16670366248926138,0.32499103546142577,0.0423884972754789,0.01,2000,2,scale,poly,7500,"{'C': 0.01, 'cache_size': 2000, 'degree': 2, 'gamma': 'scale', 'kernel': 'poly', 'max_iter': 7500}",-0.02446056548085651,-0.030659266309362776,-0.02405972269844292,-0.029067527159719164,-0.05910249632706788,-0.03346991559508985,0.013069277624701035,102
19,3.599887561798096,0.19100396376567536,0.5499800205230713,0.08805442978491225,0.01,2000,2,scale,sigmoid,7500,"{'C': 0.01, 'cache_size': 2000, 'degree': 2, 'gamma': 'scale', 'kernel': 'sigmoid', 'max_iter': 7500}",-0.03949253389113361,-0.04359271082275917,-0.0351712991545543,-0.04035289617462423,-0.06889203369974073,-0.04550029474856241,0.01200074481167006,137
20,5.097651481628418,0.2429778595283057,0.73628830909729,0.046907626143201805,0.01,2000,3,0.1,rbf,7500,"{'C': 0.01, 'cache_size': 2000, 'degree': 3, 'gamma': 0.1, 'kernel': 'rbf', 'max_iter': 7500}",-0.03081301270654735,-0.033925196282523995,-0.027549821499601057,-0.032208237682999075,-0.05868422937261797,-0.03663609950885789,0.011220907049872766,107
21,2.7569113254547117,0.3003053942300449,0.2249917507171631,0.05284768826178019,0.01,2000,3,0.1,linear,7500,"{'C': 0.01, 'cache_size': 2000, 'degree': 3, 'gamma': 0.1, 'kernel': 'linear', 'max_iter': 7500}",0.24874269271208138,0.23940224740632976,0.20618829485652357,0.28791585163935085,0.2884289351430801,0.25413560435147314,0.031184090284119306,3
22,1.7686911582946778,0.05795827509598304,0.08749775886535645,0.018748974875526257,0.01,2000,3,0.1,poly,7500,"{'C': 0.01, 'cache_size': 2000, 'degree': 3, 'gamma': 0.1, 'kernel': 'poly', 'max_iter': 7500}",-13676.72809442825,-5878.491073946397,-484.43597870774227,-42528.84427456838,-797.8463056054838,-12673.26914545125,15672.425637312683,211
23,2.092082405090332,0.061565474354788575,0.2718668937683105,0.012500119234186731,0.01,2000,3,0.1,sigmoid,7500,"{'C': 0.01, 'cache_size': 2000, 'degree': 3, 'gamma': 0.1, 'kernel': 'sigmoid', 'max_iter': 7500}",-0.03949380810519654,-0.04369112409596787,-0.03705699880972002,-0.042537357951423216,-0.06992927525412185,-0.0465417128432859,0.011922848244633253,159
24,3.984245538711548,0.3400256801292374,0.5562327384948731,0.048005689661439435,0.01,2000,3,1e-05,rbf,7500,"{'C': 0.01, 'cache_size': 2000, 'degree': 3, 'gamma': 1e-05, 'kernel': 'rbf', 'max_iter': 7500}",-0.03943389678949183,-0.043781833174827645,-0.0363541241347789,-0.04196579939407252,-0.06981274313027841,-0.04626967932468986,0.01203357612573467,142
25,2.8186599731445314,0.10009577162827187,0.2562398433685303,0.04999749960030253,0.01,2000,3,1e-05,linear,7500,"{'C': 0.01, 'cache_size': 2000, 'degree': 3, 'gamma': 1e-05, 'kernel': 'linear', 'max_iter': 7500}",0.24874269271208138,0.23940224740632976,0.20618829485652357,0.28791585163935085,0.2884289351430801,0.25413560435147314,0.031184090284119306,3
26,2.518668222427368,0.16219250687831416,0.32811484336853025,0.03124978554317832,0.01,2000,3,1e-05,poly,7500,"{'C': 0.01, 'cache_size': 2000, 'degree': 3, 'gamma': 1e-05, 'kernel': 'poly', 'max_iter': 7500}",-0.039490288740112955,-0.0436825122775073,-0.037039380407654754,-0.04250715745212297,-0.0699135214977693,-0.046526572075033454,0.011922330831236278,156
27,3.6217519283294677,0.19499876858513676,0.49373593330383303,0.044850028385522954,0.01,2000,3,1e-05,sigmoid,7500,"{'C': 0.01, 'cache_size': 2000, 'degree': 3, 'gamma': 1e-05, 'kernel': 'sigmoid', 'max_iter': 7500}",-0.03946069028902155,-0.04374953344739341,-0.036603748485802834,-0.04226700180509124,-0.06987694297674318,-0.04639158340081044,0.011994946497233216,147
28,8.218599939346314,0.7574173252838272,1.839604663848877,0.3619345278456745,0.01,2000,3,1000.0,rbf,7500,"{'C': 0.01, 'cache_size': 2000, 'degree': 3, 'gamma': 1000.0, 'kernel': 'rbf', 'max_iter': 7500}",-0.03948538456631989,-0.043692631028467765,-0.036849595991583994,-0.04241850477183462,-0.0698593736959956,-0.046461098010840376,0.011937569465291514,151
29,3.3899395942687987,0.17928979963526198,0.2845908641815186,0.03486412553423534,0.01,2000,3,1000.0,linear,7500,"{'C': 0.01, 'cache_size': 2000, 'degree': 3, 'gamma': 1000.0, 'kernel': 'linear', 'max_iter': 7500}",0.24874269271208138,0.23940224740632976,0.20618829485652357,0.28791585163935085,0.2884289351430801,0.25413560435147314,0.031184090284119306,3
30,1.4393204212188722,0.28100847318048067,0.02499732971191406,0.01250069145605488,0.01,2000,3,1000.0,poly,7500,"{'C': 0.01, 'cache_size': 2000, 'degree': 3, 'gamma': 1000.0, 'kernel': 'poly', 'max_iter': 7500}",-1.1760643075922274e+23,-7.907649570106512e+24,-1.657024491963282e+24,-4.995587978819178e+24,-9.655693777535569e+23,-3.1286875698803506e+24,2.9063818431474833e+24,232
31,2.0749317169189454,0.11284422933307914,0.2843668460845947,0.04352222864777874,0.01,2000,3,1000.0,sigmoid,7500,"{'C': 0.01, 'cache_size': 2000, 'degree': 3, 'gamma': 1000.0, 'kernel': 'sigmoid', 'max_iter': 7500}",-0.03949380810519654,-0.04369112409596787,-0.03705699880972002,-0.042537357951423216,-0.06992927525412185,-0.0465417128432859,0.011922848244633253,159
32,5.197120618820191,0.23263226734823267,0.7408263206481933,0.08120725019477906,0.01,2000,3,auto,rbf,7500,"{'C': 0.01, 'cache_size': 2000, 'degree': 3, 'gamma': 'auto', 'kernel': 'rbf', 'max_iter': 7500}",-0.03081301270654735,-0.033925196282523995,-0.027549821499601057,-0.032208237682999075,-0.05868422937261797,-0.03663609950885789,0.011220907049872766,107
33,2.857806587219238,0.3520935534767599,0.22186851501464844,0.047801300493539756,0.01,2000,3,auto,linear,7500,"{'C': 0.01, 'cache_size': 2000, 'degree': 3, 'gamma': 'auto', 'kernel': 'linear', 'max_iter': 7500}",0.24874269271208138,0.23940224740632976,0.20618829485652357,0.28791585163935085,0.2884289351430801,0.25413560435147314,0.031184090284119306,3
34,1.7718173503875732,0.04026313439725562,0.08124742507934571,0.01821983563781225,0.01,2000,3,auto,poly,7500,"{'C': 0.01, 'cache_size': 2000, 'degree': 3, 'gamma': 'auto', 'kernel': 'poly', 'max_iter': 7500}",-13676.72809442825,-5878.491073946397,-484.43597870774227,-42528.84427456838,-797.8463056054838,-12673.26914545125,15672.425637312683,211
35,2.231177282333374,0.11240957529684077,0.3312405586242676,0.05879057607366071,0.01,2000,3,auto,sigmoid,7500,"{'C': 0.01, 'cache_size': 2000, 'degree': 3, 'gamma': 'auto', 'kernel': 'sigmoid', 'max_iter': 7500}",-0.03949380810519654,-0.04369112409596787,-0.03705699880972002,-0.042537357951423216,-0.06992927525412185,-0.0465417128432859,0.011922848244633253,159
36,4.024872922897339,0.2071894657324219,0.5937300205230713,0.04635040471181975,0.01,2000,3,scale,rbf,7500,"{'C': 0.01, 'cache_size': 2000, 'degree': 3, 'gamma': 'scale', 'kernel': 'rbf', 'max_iter': 7500}",-0.03856763567155741,-0.04013015869425551,-0.03303069890471133,-0.03948675240685229,-0.06929502630823592,-0.04410205439712249,0.01284497960075627,130
37,2.796785068511963,0.20227431295387907,0.24061756134033202,0.044850500077367704,0.01,2000,3,scale,linear,7500,"{'C': 0.01, 'cache_size': 2000, 'degree': 3, 'gamma': 'scale', 'kernel': 'linear', 'max_iter': 7500}",0.24874269271208138,0.23940224740632976,0.20618829485652357,0.28791585163935085,0.2884289351430801,0.25413560435147314,0.031184090284119306,3
38,2.7037453174591066,0.09052787399836146,0.31249098777770995,0.05229016879289167,0.01,2000,3,scale,poly,7500,"{'C': 0.01, 'cache_size': 2000, 'degree': 3, 'gamma': 'scale', 'kernel': 'poly', 'max_iter': 7500}",-0.015392556056305517,-0.026091858257778267,-0.019184415472700334,-0.022879253949954714,-0.05166169233255702,-0.02704195521385917,0.012820387305757628,89
39,3.954548406600952,0.22713976225884774,0.5405929565429688,0.06593452248267109,0.01,2000,3,scale,sigmoid,7500,"{'C': 0.01, 'cache_size': 2000, 'degree': 3, 'gamma': 'scale', 'kernel': 'sigmoid', 'max_iter': 7500}",-0.03949253389113361,-0.04359271082275917,-0.0351712991545543,-0.04035289617462423,-0.06889203369974073,-0.04550029474856241,0.01200074481167006,137
40,5.43153567314148,0.21148234080520173,0.7435414791107178,0.0934263009126303,0.01,2000,4,0.1,rbf,7500,"{'C': 0.01, 'cache_size': 2000, 'degree': 4, 'gamma': 0.1, 'kernel': 'rbf', 'max_iter': 7500}",-0.03081301270654735,-0.033925196282523995,-0.027549821499601057,-0.032208237682999075,-0.05868422937261797,-0.03663609950885789,0.011220907049872766,107
41,3.1155357837677,0.30044104240070924,0.25046539306640625,0.04801822273547581,0.01,2000,4,0.1,linear,7500,"{'C': 0.01, 'cache_size': 2000, 'degree': 4, 'gamma': 0.1, 'kernel': 'linear', 'max_iter': 7500}",0.24874269271208138,0.23940224740632976,0.20618829485652357,0.28791585163935085,0.2884289351430801,0.25413560435147314,0.031184090284119306,3
42,1.4470635890960692,0.14356788480611365,0.025137615203857423,0.008257073991827377,0.01,2000,4,0.1,poly,7500,"{'C': 0.01, 'cache_size': 2000, 'degree': 4, 'gamma': 0.1, 'kernel': 'poly', 'max_iter': 7500}",-58095771.94380398,-308558053.98661095,-510048.47079880914,-53698042.17323703,-120620855.41217345,-108296554.39732485,107121989.87055166,217
43,2.359344720840454,0.07976460682191922,0.3219143390655518,0.03208722647931695,0.01,2000,4,0.1,sigmoid,7500,"{'C': 0.01, 'cache_size': 2000, 'degree': 4, 'gamma': 0.1, 'kernel': 'sigmoid', 'max_iter': 7500}",-0.03949380810519654,-0.04369112409596787,-0.03705699880972002,-0.042537357951423216,-0.06992927525412185,-0.0465417128432859,0.011922848244633253,159
44,4.22119174003601,0.3624732740226082,0.6132385730743408,0.03284884525408775,0.01,2000,4,1e-05,rbf,7500,"{'C': 0.01, 'cache_size': 2000, 'degree': 4, 'gamma': 1e-05, 'kernel': 'rbf', 'max_iter': 7500}",-0.03943389678949183,-0.043781833174827645,-0.0363541241347789,-0.04196579939407252,-0.06981274313027841,-0.04626967932468986,0.01203357612573467,142
45,2.9663129329681395,0.17251516080381427,0.22230443954467774,0.04307215775407893,0.01,2000,4,1e-05,linear,7500,"{'C': 0.01, 'cache_size': 2000, 'degree': 4, 'gamma': 1e-05, 'kernel': 'linear', 'max_iter': 7500}",0.24874269271208138,0.23940224740632976,0.20618829485652357,0.28791585163935085,0.2884289351430801,0.25413560435147314,0.031184090284119306,3
46,2.8282065391540527,0.09650764520375661,0.33431615829467776,0.027194168922866954,0.01,2000,4,1e-05,poly,7500,"{'C': 0.01, 'cache_size': 2000, 'degree': 4, 'gamma': 1e-05, 'kernel': 'poly', 'max_iter': 7500}",-0.03949540492983172,-0.04368481802801716,-0.037048094022072764,-0.04250636107209238,-0.0699155188339653,-0.04653003937719587,0.011921067826141671,158
47,3.8068352222442625,0.07099524990905333,0.5306144714355469,0.019808614774860983,0.01,2000,4,1e-05,sigmoid,7500,"{'C': 0.01, 'cache_size': 2000, 'degree': 4, 'gamma': 1e-05, 'kernel': 'sigmoid', 'max_iter': 7500}",-0.03946069028902155,-0.04374953344739341,-0.036603748485802834,-0.04226700180509124,-0.06987694297674318,-0.04639158340081044,0.011994946497233216,147
48,8.758580923080444,0.8153272369948358,1.859928274154663,0.3621528771889336,0.01,2000,4,1000.0,rbf,7500,"{'C': 0.01, 'cache_size': 2000, 'degree': 4, 'gamma': 1000.0, 'kernel': 'rbf', 'max_iter': 7500}",-0.03948538456631989,-0.043692631028467765,-0.036849595991583994,-0.04241850477183462,-0.0698593736959956,-0.046461098010840376,0.011937569465291514,151
49,3.7218037128448485,0.2751431400151159,0.2988636016845703,0.04541101047766866,0.01,2000,4,1000.0,linear,7500,"{'C': 0.01, 'cache_size': 2000, 'degree': 4, 'gamma': 1000.0, 'kernel': 'linear', 'max_iter': 7500}",0.24874269271208138,0.23940224740632976,0.20618829485652357,0.28791585163935085,0.2884289351430801,0.25413560435147314,0.031184090284119306,3
50,1.4830081939697266,0.2918694667345115,0.021651649475097658,0.007846469392357594,0.01,2000,4,1000.0,poly,7500,"{'C': 0.01, 'cache_size': 2000, 'degree': 4, 'gamma': 1000.0, 'kernel': 'poly', 'max_iter': 7500}",-2.508020614217884e+40,-9.865535760145171e+39,-108098.11844351099,-30427.433117144225,-4.077380874869664e+40,-1.5143910130204128e+40,1.5761719104753025e+40,235
51,2.1446817398071287,0.10964472815938112,0.28750929832458494,0.03906189735473224,0.01,2000,4,1000.0,sigmoid,7500,"{'C': 0.01, 'cache_size': 2000, 'degree': 4, 'gamma': 1000.0, 'kernel': 'sigmoid', 'max_iter': 7500}",-0.03949380810519654,-0.04369112409596787,-0.03705699880972002,-0.042537357951423216,-0.06992927525412185,-0.0465417128432859,0.011922848244633253,159
52,5.347765111923218,0.44387221966914386,0.7735900402069091,0.07407851714898937,0.01,2000,4,auto,rbf,7500,"{'C': 0.01, 'cache_size': 2000, 'degree': 4, 'gamma': 'auto', 'kernel': 'rbf', 'max_iter': 7500}",-0.03081301270654735,-0.033925196282523995,-0.027549821499601057,-0.032208237682999075,-0.05868422937261797,-0.03663609950885789,0.011220907049872766,107
53,3.074762058258057,0.4371139667098675,0.21616849899291993,0.05689211340798953,0.01,2000,4,auto,linear,7500,"{'C': 0.01, 'cache_size': 2000, 'degree': 4, 'gamma': 'auto', 'kernel': 'linear', 'max_iter': 7500}",0.24874269271208138,0.23940224740632976,0.20618829485652357,0.28791585163935085,0.2884289351430801,0.25413560435147314,0.031184090284119306,3
54,1.3218337059020997,0.09405999755986943,0.024997186660766602,0.007656446988785477,0.01,2000,4,auto,poly,7500,"{'C': 0.01, 'cache_size': 2000, 'degree': 4, 'gamma': 'auto', 'kernel': 'poly', 'max_iter': 7500}",-58095771.94380398,-308558053.98661095,-510048.47079880914,-53698042.17323703,-120620855.41217345,-108296554.39732485,107121989.87055166,217
55,2.046807384490967,0.08148580610808652,0.2718661308288574,0.0674559156283573,0.01,2000,4,auto,sigmoid,7500,"{'C': 0.01, 'cache_size': 2000, 'degree': 4, 'gamma': 'auto', 'kernel': 'sigmoid', 'max_iter': 7500}",-0.03949380810519654,-0.04369112409596787,-0.03705699880972002,-0.042537357951423216,-0.06992927525412185,-0.0465417128432859,0.011922848244633253,159
56,3.856127882003784,0.15193548626194403,0.5999828815460205,0.048004283705293666,0.01,2000,4,scale,rbf,7500,"{'C': 0.01, 'cache_size': 2000, 'degree': 4, 'gamma': 'scale', 'kernel': 'rbf', 'max_iter': 7500}",-0.03856763567155741,-0.04013015869425551,-0.03303069890471133,-0.03948675240685229,-0.06929502630823592,-0.04410205439712249,0.01284497960075627,130
57,2.546791410446167,0.15903229248987694,0.20312023162841797,0.04739113220974058,0.01,2000,4,scale,linear,7500,"{'C': 0.01, 'cache_size': 2000, 'degree': 4, 'gamma': 'scale', 'kernel': 'linear', 'max_iter': 7500}",0.24874269271208138,0.23940224740632976,0.20618829485652357,0.28791585163935085,0.2884289351430801,0.25413560435147314,0.031184090284119306,3
58,2.95615496635437,0.0596170463581919,0.32186365127563477,0.06296350045994988,0.01,2000,4,scale,poly,7500,"{'C': 0.01, 'cache_size': 2000, 'degree': 4, 'gamma': 'scale', 'kernel': 'poly', 'max_iter': 7500}",-0.12885126178422612,-1.3178593451613239,0.004070064205803026,-0.0031298163702375703,-0.03706648255660583,-0.29656736833331804,0.5128343137493708,201
59,3.7592533111572264,0.20072231933395107,0.5718568325042724,0.06599515793336469,0.01,2000,4,scale,sigmoid,7500,"{'C': 0.01, 'cache_size': 2000, 'degree': 4, 'gamma': 'scale', 'kernel': 'sigmoid', 'max_iter': 7500}",-0.03949253389113361,-0.04359271082275917,-0.0351712991545543,-0.04035289617462423,-0.06889203369974073,-0.04550029474856241,0.01200074481167006,137
60,5.342413902282715,0.21404475603491988,0.7681020736694336,0.08740402490214054,0.01,2000,5,0.1,rbf,7500,"{'C': 0.01, 'cache_size': 2000, 'degree': 5, 'gamma': 0.1, 'kernel': 'rbf', 'max_iter': 7500}",-0.03081301270654735,-0.033925196282523995,-0.027549821499601057,-0.032208237682999075,-0.05868422937261797,-0.03663609950885789,0.011220907049872766,107
61,3.0129221439361573,0.3046748606361457,0.22411322593688965,0.04874954105784512,0.01,2000,5,0.1,linear,7500,"{'C': 0.01, 'cache_size': 2000, 'degree': 5, 'gamma': 0.1, 'kernel': 'linear', 'max_iter': 7500}",0.24874269271208138,0.23940224740632976,0.20618829485652357,0.28791585163935085,0.2884289351430801,0.25413560435147314,0.031184090284119306,3
62,1.2312094688415527,0.0701560229811951,0.01874818801879883,0.011692208033655433,0.01,2000,5,0.1,poly,7500,"{'C': 0.01, 'cache_size': 2000, 'degree': 5, 'gamma': 0.1, 'kernel': 'poly', 'max_iter': 7500}",-500971.5462529523,-95542014970175.8,-16619963404105.14,-194635457696880.88,-4056251.543464403,-61359488125676.984,75448694204424.69,225
63,2.121389102935791,0.08766937952890307,0.27469635009765625,0.02907307583704857,0.01,2000,5,0.1,sigmoid,7500,"{'C': 0.01, 'cache_size': 2000, 'degree': 5, 'gamma': 0.1, 'kernel': 'sigmoid', 'max_iter': 7500}",-0.03949380810519654,-0.04369112409596787,-0.03705699880972002,-0.042537357951423216,-0.06992927525412185,-0.0465417128432859,0.011922848244633253,159
64,3.893159198760986,0.2546088291550861,0.5281076908111573,0.0387794117022996,0.01,2000,5,1e-05,rbf,7500,"{'C': 0.01, 'cache_size': 2000, 'degree': 5, 'gamma': 1e-05, 'kernel': 'rbf', 'max_iter': 7500}",-0.03943389678949183,-0.043781833174827645,-0.0363541241347789,-0.04196579939407252,-0.06981274313027841,-0.04626967932468986,0.01203357612573467,142
65,2.75303692817688,0.22303075194293318,0.24374265670776368,0.05466425267985533,0.01,2000,5,1e-05,linear,7500,"{'C': 0.01, 'cache_size': 2000, 'degree': 5, 'gamma': 1e-05, 'kernel': 'linear', 'max_iter': 7500}",0.24874269271208138,0.23940224740632976,0.20618829485652357,0.28791585163935085,0.2884289351430801,0.25413560435147314,0.031184090284119306,3
66,2.853033351898193,0.1763833513859061,0.306242847442627,0.05978251457221886,0.01,2000,5,1e-05,poly,7500,"{'C': 0.01, 'cache_size': 2000, 'degree': 5, 'gamma': 1e-05, 'kernel': 'poly', 'max_iter': 7500}",-0.039497032726146575,-0.04368518796546872,-0.037048368513162844,-0.04249333906258479,-0.069915712408265,-0.04652792813512559,0.01192177062974877,157
67,3.581558847427368,0.27466880201266836,0.565819263458252,0.03588164774671703,0.01,2000,5,1e-05,sigmoid,7500,"{'C': 0.01, 'cache_size': 2000, 'degree': 5, 'gamma': 1e-05, 'kernel': 'sigmoid', 'max_iter': 7500}",-0.03946069028902155,-0.04374953344739341,-0.036603748485802834,-0.04226700180509124,-0.06987694297674318,-0.04639158340081044,0.011994946497233216,147
68,8.845203924179078,0.58149642394213,1.7703725814819335,0.31002139982768717,0.01,2000,5,1000.0,rbf,7500,"{'C': 0.01, 'cache_size': 2000, 'degree': 5, 'gamma': 1000.0, 'kernel': 'rbf', 'max_iter': 7500}",-0.03948538456631989,-0.043692631028467765,-0.036849595991583994,-0.04241850477183462,-0.0698593736959956,-0.046461098010840376,0.011937569465291514,151
69,3.648657035827637,0.2322520025059752,0.29796829223632815,0.052311893218548344,0.01,2000,5,1000.0,linear,7500,"{'C': 0.01, 'cache_size': 2000, 'degree': 5, 'gamma': 1000.0, 'kernel': 'linear', 'max_iter': 7500}",0.24874269271208138,0.23940224740632976,0.20618829485652357,0.28791585163935085,0.2884289351430801,0.25413560435147314,0.031184090284119306,3
70,3.312666082382202,0.353289286589967,0.3031135559082031,0.06599427057494271,0.01,2000,5,1000.0,poly,7500,"{'C': 0.01, 'cache_size': 2000, 'degree': 5, 'gamma': 1000.0, 'kernel': 'poly', 'max_iter': 7500}",-2.5422075931824598e+71,-5.141182519481837e+71,-4.7658314183578574e+70,-8.035651537409618e+71,-2.0483692214396663e+72,-7.335863401261273e+71,7.045574381007232e+71,238
71,2.3561738967895507,0.12554240686103535,0.3187399864196777,0.06599241913900272,0.01,2000,5,1000.0,sigmoid,7500,"{'C': 0.01, 'cache_size': 2000, 'degree': 5, 'gamma': 1000.0, 'kernel': 'sigmoid', 'max_iter': 7500}",-0.03949380810519654,-0.04369112409596787,-0.03705699880972002,-0.042537357951423216,-0.06992927525412185,-0.0465417128432859,0.011922848244633253,159
72,5.116834831237793,0.3615371109164397,0.7475341796875,0.07254066852384418,0.01,2000,5,auto,rbf,7500,"{'C': 0.01, 'cache_size': 2000, 'degree': 5, 'gamma': 'auto', 'kernel': 'rbf', 'max_iter': 7500}",-0.03081301270654735,-0.033925196282523995,-0.027549821499601057,-0.032208237682999075,-0.05868422937261797,-0.03663609950885789,0.011220907049872766,107
73,2.881677579879761,0.22015761652753615,0.22811675071716309,0.035078140093782524,0.01,2000,5,auto,linear,7500,"{'C': 0.01, 'cache_size': 2000, 'degree': 5, 'gamma': 'auto', 'kernel': 'linear', 'max_iter': 7500}",0.24874269271208138,0.23940224740632976,0.20618829485652357,0.28791585163935085,0.2884289351430801,0.25413560435147314,0.031184090284119306,3
74,1.312457275390625,0.08671087464927038,0.02187380790710449,0.012499403959350551,0.01,2000,5,auto,poly,7500,"{'C': 0.01, 'cache_size': 2000, 'degree': 5, 'gamma': 'auto', 'kernel': 'poly', 'max_iter': 7500}",-500971.5462529523,-95542014970175.8,-16619963404105.14,-194635457696880.88,-4056251.543464403,-61359488125676.984,75448694204424.69,225
75,2.1436800003051757,0.16339251104723315,0.30311760902404783,0.06296494648148125,0.01,2000,5,auto,sigmoid,7500,"{'C': 0.01, 'cache_size': 2000, 'degree': 5, 'gamma': 'auto', 'kernel': 'sigmoid', 'max_iter': 7500}",-0.03949380810519654,-0.04369112409596787,-0.03705699880972002,-0.042537357951423216,-0.06992927525412185,-0.0465417128432859,0.011922848244633253,159
76,4.140169858932495,0.3507704028171224,0.5420125007629395,0.06257882194789846,0.01,2000,5,scale,rbf,7500,"{'C': 0.01, 'cache_size': 2000, 'degree': 5, 'gamma': 'scale', 'kernel': 'rbf', 'max_iter': 7500}",-0.03856763567155741,-0.04013015869425551,-0.03303069890471133,-0.03948675240685229,-0.06929502630823592,-0.04410205439712249,0.01284497960075627,130
77,2.6433451652526854,0.24664029399899431,0.20936946868896483,0.04374973437887534,0.01,2000,5,scale,linear,7500,"{'C': 0.01, 'cache_size': 2000, 'degree': 5, 'gamma': 'scale', 'kernel': 'linear', 'max_iter': 7500}",0.24874269271208138,0.23940224740632976,0.20618829485652357,0.28791585163935085,0.2884289351430801,0.25413560435147314,0.031184090284119306,3
78,3.018655300140381,0.1757705713056823,0.3468628883361816,0.04122040276518692,0.01,2000,5,scale,poly,7500,"{'C': 0.01, 'cache_size': 2000, 'degree': 5, 'gamma': 'scale', 'kernel': 'poly', 'max_iter': 7500}",-0.1340922773630262,-50.03963283632444,-1.3916028907965217,0.018974087326995792,-0.03157351495624483,-10.315585486422645,19.86889141851175,204
79,3.76550350189209,0.16914885518127007,0.4718612194061279,0.03617368306872827,0.01,2000,5,scale,sigmoid,7500,"{'C': 0.01, 'cache_size': 2000, 'degree': 5, 'gamma': 'scale', 'kernel': 'sigmoid', 'max_iter': 7500}",-0.03949253389113361,-0.04359271082275917,-0.0351712991545543,-0.04035289617462423,-0.06889203369974073,-0.04550029474856241,0.01200074481167006,137
80,5.327882623672485,0.11107739134495721,0.7426975727081299,0.02242646463699758,0.505,2000,2,0.1,rbf,7500,"{'C': 0.505, 'cache_size': 2000, 'degree': 2, 'gamma': 0.1, 'kernel': 'rbf', 'max_iter': 7500}",0.08753732187225582,0.061424388220395865,0.045687518043047715,0.09160533389005099,0.060703109472904915,0.06939153429973106,0.017456042095412554,71
81,3.173537015914917,0.39341751115313967,0.24686818122863768,0.03336824554173078,0.505,2000,2,0.1,linear,7500,"{'C': 0.505, 'cache_size': 2000, 'degree': 2, 'gamma': 0.1, 'kernel': 'linear', 'max_iter': 7500}",0.1450932526711396,0.2597047963569634,0.14274026819734653,0.25862836464762684,0.28291234720997416,0.21781580581661011,0.06096362566813134,23
82,2.234303855895996,0.13072576964980906,0.16562118530273437,0.04374836525537494,0.505,2000,2,0.1,poly,7500,"{'C': 0.505, 'cache_size': 2000, 'degree': 2, 'gamma': 0.1, 'kernel': 'poly', 'max_iter': 7500}",-17.644007825147355,-73.43148314823121,-4.868719840767227,-438.94356635278655,-267.88704209688586,-160.55496385276365,168.09083130229402,206
83,2.228052854537964,0.12046075958681589,0.3031141757965088,0.0581262170414971,0.505,2000,2,0.1,sigmoid,7500,"{'C': 0.505, 'cache_size': 2000, 'degree': 2, 'gamma': 0.1, 'kernel': 'sigmoid', 'max_iter': 7500}",-0.03949380810519654,-0.04369112409596787,-0.03705699880972002,-0.042537357951423216,-0.06992927525412185,-0.0465417128432859,0.011922848244633253,159
84,3.94675235748291,0.2368765554433264,0.5999796390533447,0.04592689124791077,0.505,2000,2,1e-05,rbf,7500,"{'C': 0.505, 'cache_size': 2000, 'degree': 2, 'gamma': 1e-05, 'kernel': 'rbf', 'max_iter': 7500}",-0.026712487851053623,-0.032124959579602264,-0.02293046478740024,-0.03180686013700407,-0.053769538218408686,-0.03346886211469378,0.010708801859068064,98
85,2.9374069213867187,0.11048104455546162,0.23436665534973145,0.034230309333976965,0.505,2000,2,1e-05,linear,7500,"{'C': 0.505, 'cache_size': 2000, 'degree': 2, 'gamma': 1e-05, 'kernel': 'linear', 'max_iter': 7500}",0.1450932526711396,0.2597047963569634,0.14274026819734653,0.25862836464762684,0.28291234720997416,0.21781580581661011,0.06096362566813134,23
86,2.4186684608459474,0.1079748206237675,0.2999927043914795,0.036171516275072965,0.505,2000,2,1e-05,poly,7500,"{'C': 0.505, 'cache_size': 2000, 'degree': 2, 'gamma': 1e-05, 'kernel': 'poly', 'max_iter': 7500}",-0.033752627655816214,-0.03860671031584939,-0.03286819497289262,-0.03633179870632275,-0.06898431442532282,-0.04210872921524076,0.013587833154821777,128
87,3.584260129928589,0.15736747356136632,0.5343582630157471,0.07084629679744343,0.505,2000,2,1e-05,sigmoid,7500,"{'C': 0.505, 'cache_size': 2000, 'degree': 2, 'gamma': 1e-05, 'kernel': 'sigmoid', 'max_iter': 7500}",-0.028337881706143264,-0.03213594704678768,-0.02459226950005644,-0.03288588965513628,-0.06017163715185059,-0.03562472501199485,0.012625663122317377,103
88,8.537013387680053,0.30096180995736344,1.8615536212921142,0.26658412517544305,0.505,2000,2,1000.0,rbf,7500,"{'C': 0.505, 'cache_size': 2000, 'degree': 2, 'gamma': 1000.0, 'kernel': 'rbf', 'max_iter': 7500}",-0.033089411351870934,-0.03602039447418148,-0.030227945622536057,-0.03568242708869418,-0.0656186361967479,-0.04012776294680611,0.012914804543110735,119
89,3.685632419586182,0.31937544285278024,0.25361857414245603,0.05135999599564422,0.505,2000,2,1000.0,linear,7500,"{'C': 0.505, 'cache_size': 2000, 'degree': 2, 'gamma': 1000.0, 'kernel': 'linear', 'max_iter': 7500}",0.1450932526711396,0.2597047963569634,0.14274026819734653,0.25862836464762684,0.28291234720997416,0.21781580581661011,0.06096362566813134,23
90,1.4843303680419921,0.33959577452355966,0.028123235702514647,0.018220522564745743,0.505,2000,2,1000.0,poly,7500,"{'C': 0.505, 'cache_size': 2000, 'degree': 2, 'gamma': 1000.0, 'kernel': 'poly', 'max_iter': 7500}",-3267928402575.09,-4111957046856.5605,-62980943905163.47,-26345.690534147398,-423518472907.1319,-14156869570769.588,24463366201988.156,224
91,2.0561850547790526,0.08648734452190213,0.25936365127563477,0.021192243223369645,0.505,2000,2,1000.0,sigmoid,7500,"{'C': 0.505, 'cache_size': 2000, 'degree': 2, 'gamma': 1000.0, 'kernel': 'sigmoid', 'max_iter': 7500}",-0.03949380810519654,-0.04369112409596787,-0.03705699880972002,-0.042537357951423216,-0.06992927525412185,-0.0465417128432859,0.011922848244633253,159
92,5.007365703582764,0.4346709243448859,0.755036449432373,0.031238623396833996,0.505,2000,2,auto,rbf,7500,"{'C': 0.505, 'cache_size': 2000, 'degree': 2, 'gamma': 'auto', 'kernel': 'rbf', 'max_iter': 7500}",0.08753732187225582,0.061424388220395865,0.045687518043047715,0.09160533389005099,0.060703109472904915,0.06939153429973106,0.017456042095412554,71
93,3.223276901245117,0.31376265178744034,0.23124198913574218,0.04238714404798606,0.505,2000,2,auto,linear,7500,"{'C': 0.505, 'cache_size': 2000, 'degree': 2, 'gamma': 'auto', 'kernel': 'linear', 'max_iter': 7500}",0.1450932526711396,0.2597047963569634,0.14274026819734653,0.25862836464762684,0.28291234720997416,0.21781580581661011,0.06096362566813134,23
94,2.3577746868133547,0.07383921123426958,0.14687323570251465,0.0187497140238236,0.505,2000,2,auto,poly,7500,"{'C': 0.505, 'cache_size': 2000, 'degree': 2, 'gamma': 'auto', 'kernel': 'poly', 'max_iter': 7500}",-17.644007825147355,-73.43148314823121,-4.868719840767227,-438.94356635278655,-267.88704209688586,-160.55496385276365,168.09083130229402,206
95,2.229443168640137,0.12463579325207369,0.2906162738800049,0.059784730353099676,0.505,2000,2,auto,sigmoid,7500,"{'C': 0.505, 'cache_size': 2000, 'degree': 2, 'gamma': 'auto', 'kernel': 'sigmoid', 'max_iter': 7500}",-0.03949380810519654,-0.04369112409596787,-0.03705699880972002,-0.042537357951423216,-0.06992927525412185,-0.0465417128432859,0.011922848244633253,159
96,3.9471607208251953,0.3255276525616973,0.6347702026367188,0.04827711013394804,0.505,2000,2,scale,rbf,7500,"{'C': 0.505, 'cache_size': 2000, 'degree': 2, 'gamma': 'scale', 'kernel': 'rbf', 'max_iter': 7500}",0.0012394421198502759,-0.012825941990044276,-0.005561238269955027,-0.006050096608591682,-0.024602261524173663,-0.009560019254582875,0.008739261709467273,85
97,2.960517072677612,0.2506741536176137,0.23124370574951172,0.04881080336210762,0.505,2000,2,scale,linear,7500,"{'C': 0.505, 'cache_size': 2000, 'degree': 2, 'gamma': 'scale', 'kernel': 'linear', 'max_iter': 7500}",0.1450932526711396,0.2597047963569634,0.14274026819734653,0.25862836464762684,0.28291234720997416,0.21781580581661011,0.06096362566813134,23
98,2.7717846393585206,0.20930097471725298,0.26249194145202637,0.06434507393218337,0.505,2000,2,scale,poly,7500,"{'C': 0.505, 'cache_size': 2000, 'degree': 2, 'gamma': 'scale', 'kernel': 'poly', 'max_iter': 7500}",0.016095922562706422,-0.0040627861493736095,0.0005437750910162187,0.005216328955979899,-0.012077921985318874,0.0011430636950020112,0.009406741837597953,84
99,3.73425350189209,0.3229413365351324,0.5218595027923584,0.039029729501557774,0.505,2000,2,scale,sigmoid,7500,"{'C': 0.505, 'cache_size': 2000, 'degree': 2, 'gamma': 'scale', 'kernel': 'sigmoid', 'max_iter': 7500}",-0.03651352016646614,-0.042436003043366144,-0.028210779466451452,-0.043617550685826956,-0.05876515243242486,-0.04190860115890711,0.010040709139332043,124
100,5.2810821533203125,0.1708734287561036,0.7093539714813233,0.06449441485794852,0.505,2000,3,0.1,rbf,7500,"{'C': 0.505, 'cache_size': 2000, 'degree': 3, 'gamma': 0.1, 'kernel': 'rbf', 'max_iter': 7500}",0.08753732187225582,0.061424388220395865,0.045687518043047715,0.09160533389005099,0.060703109472904915,0.06939153429973106,0.017456042095412554,71
101,3.2030234813690184,0.2515492508281097,0.23124337196350098,0.025000661715304157,0.505,2000,3,0.1,linear,7500,"{'C': 0.505, 'cache_size': 2000, 'degree': 3, 'gamma': 0.1, 'kernel': 'linear', 'max_iter': 7500}",0.1450932526711396,0.2597047963569634,0.14274026819734653,0.25862836464762684,0.28291234720997416,0.21781580581661011,0.06096362566813134,23
102,1.4530771732330323,0.11223630074178974,0.04375019073486328,0.01169432367495005,0.505,2000,3,0.1,poly,7500,"{'C': 0.505, 'cache_size': 2000, 'degree': 3, 'gamma': 0.1, 'kernel': 'poly', 'max_iter': 7500}",-16963.05165478415,-36530.13176960381,-44075.277542052725,-1028617.5245959461,-1743.8039851409187,-225585.95790950552,401790.183172123,215
103,2.1624295711517334,0.12326741158088507,0.299989128112793,0.034794536373809866,0.505,2000,3,0.1,sigmoid,7500,"{'C': 0.505, 'cache_size': 2000, 'degree': 3, 'gamma': 0.1, 'kernel': 'sigmoid', 'max_iter': 7500}",-0.03949380810519654,-0.04369112409596787,-0.03705699880972002,-0.042537357951423216,-0.06992927525412185,-0.0465417128432859,0.011922848244633253,159
104,4.163314342498779,0.21570405667720957,0.6416409969329834,0.029160275567669588,0.505,2000,3,1e-05,rbf,7500,"{'C': 0.505, 'cache_size': 2000, 'degree': 3, 'gamma': 1e-05, 'kernel': 'rbf', 'max_iter': 7500}",-0.026712487851053623,-0.032124959579602264,-0.02293046478740024,-0.03180686013700407,-0.053769538218408686,-0.03346886211469378,0.010708801859068064,98
105,2.9876840114593506,0.27125554029638854,0.1749950408935547,0.018219508631893287,0.505,2000,3,1e-05,linear,7500,"{'C': 0.505, 'cache_size': 2000, 'degree': 3, 'gamma': 1e-05, 'kernel': 'linear', 'max_iter': 7500}",0.1450932526711396,0.2597047963569634,0.14274026819734653,0.25862836464762684,0.28291234720997416,0.21781580581661011,0.06096362566813134,23
106,2.6186648845672607,0.21046231620590894,0.32498998641967775,0.07551727135390236,0.505,2000,3,1e-05,poly,7500,"{'C': 0.505, 'cache_size': 2000, 'degree': 3, 'gamma': 1e-05, 'kernel': 'poly', 'max_iter': 7500}",-0.03840847944475567,-0.0396650637475382,-0.03618912128873264,-0.03781538702134202,-0.06968738327898683,-0.04435308695627107,0.01271640158298463,134
107,3.6842583656311034,0.11792051716877468,0.44685983657836914,0.039029286625709876,0.505,2000,3,1e-05,sigmoid,7500,"{'C': 0.505, 'cache_size': 2000, 'degree': 3, 'gamma': 1e-05, 'kernel': 'sigmoid', 'max_iter': 7500}",-0.028337881706143264,-0.03213594704678768,-0.02459226950005644,-0.03288588965513628,-0.06017163715185059,-0.03562472501199485,0.012625663122317377,103
108,9.160301303863525,0.3574423448864935,1.7932349681854247,0.1563145494768146,0.505,2000,3,1000.0,rbf,7500,"{'C': 0.505, 'cache_size': 2000, 'degree': 3, 'gamma': 1000.0, 'kernel': 'rbf', 'max_iter': 7500}",-0.033089411351870934,-0.03602039447418148,-0.030227945622536057,-0.03568242708869418,-0.0656186361967479,-0.04012776294680611,0.012914804543110735,119
109,3.830668878555298,0.29148257130889516,0.2582867622375488,0.05740922352872832,0.505,2000,3,1000.0,linear,7500,"{'C': 0.505, 'cache_size': 2000, 'degree': 3, 'gamma': 1000.0, 'kernel': 'linear', 'max_iter': 7500}",0.1450932526711396,0.2597047963569634,0.14274026819734653,0.25862836464762684,0.28291234720997416,0.21781580581661011,0.06096362566813134,23
110,1.5719827175140382,0.2996292975395768,0.031249141693115233,0.0098818915311654,0.505,2000,3,1000.0,poly,7500,"{'C': 0.505, 'cache_size': 2000, 'degree': 3, 'gamma': 1000.0, 'kernel': 'poly', 'max_iter': 7500}",-1.3783342581545977e+26,-2.859639579174032e+28,-4.806380928918562e+27,-3.729421563835191e+28,-1.0081879216488848e+29,-3.4330723589942946e+28,3.606429982846347e+28,233
111,2.081183576583862,0.11240935389026016,0.3031155586242676,0.07368468628493863,0.505,2000,3,1000.0,sigmoid,7500,"{'C': 0.505, 'cache_size': 2000, 'degree': 3, 'gamma': 1000.0, 'kernel': 'sigmoid', 'max_iter': 7500}",-0.03949380810519654,-0.04369112409596787,-0.03705699880972002,-0.042537357951423216,-0.06992927525412185,-0.0465417128432859,0.011922848244633253,159
112,5.066132736206055,0.3889255363742863,0.7068128108978271,0.02494883528584437,0.505,2000,3,auto,rbf,7500,"{'C': 0.505, 'cache_size': 2000, 'degree': 3, 'gamma': 'auto', 'kernel': 'rbf', 'max_iter': 7500}",0.08753732187225582,0.061424388220395865,0.045687518043047715,0.09160533389005099,0.060703109472904915,0.06939153429973106,0.017456042095412554,71
113,3.10159854888916,0.3170524563563827,0.2036754608154297,0.04180905614411813,0.505,2000,3,auto,linear,7500,"{'C': 0.505, 'cache_size': 2000, 'degree': 3, 'gamma': 'auto', 'kernel': 'linear', 'max_iter': 7500}",0.1450932526711396,0.2597047963569634,0.14274026819734653,0.25862836464762684,0.28291234720997416,0.21781580581661011,0.06096362566813134,23
114,1.3812053203582764,0.0976243265324931,0.040623712539672854,0.007654285653698764,0.505,2000,3,auto,poly,7500,"{'C': 0.505, 'cache_size': 2000, 'degree': 3, 'gamma': 'auto', 'kernel': 'poly', 'max_iter': 7500}",-16963.05165478415,-36530.13176960381,-44075.277542052725,-1028617.5245959461,-1743.8039851409187,-225585.95790950552,401790.183172123,215
115,2.134306287765503,0.06373958618824062,0.28436527252197263,0.03336494955819997,0.505,2000,3,auto,sigmoid,7500,"{'C': 0.505, 'cache_size': 2000, 'degree': 3, 'gamma': 'auto', 'kernel': 'sigmoid', 'max_iter': 7500}",-0.03949380810519654,-0.04369112409596787,-0.03705699880972002,-0.042537357951423216,-0.06992927525412185,-0.0465417128432859,0.011922848244633253,159
116,3.9123769283294676,0.41651507584378683,0.5843565464019775,0.09560282698593485,0.505,2000,3,scale,rbf,7500,"{'C': 0.505, 'cache_size': 2000, 'degree': 3, 'gamma': 'scale', 'kernel': 'rbf', 'max_iter': 7500}",0.0012394421198502759,-0.012825941990044276,-0.005561238269955027,-0.006050096608591682,-0.024602261524173663,-0.009560019254582875,0.008739261709467273,85
117,2.9686551094055176,0.17370626069501507,0.21561675071716307,0.0467695290509875,0.505,2000,3,scale,linear,7500,"{'C': 0.505, 'cache_size': 2000, 'degree': 3, 'gamma': 'scale', 'kernel': 'linear', 'max_iter': 7500}",0.1450932526711396,0.2597047963569634,0.14274026819734653,0.25862836464762684,0.28291234720997416,0.21781580581661011,0.06096362566813134,23
118,3.049904632568359,0.13635337738509426,0.32498769760131835,0.05795713849643201,0.505,2000,3,scale,poly,7500,"{'C': 0.505, 'cache_size': 2000, 'degree': 3, 'gamma': 'scale', 'kernel': 'poly', 'max_iter': 7500}",0.06022786756907694,-0.38752423776723255,-0.014740258603685774,0.009350396068624756,0.02367127216966014,-0.0618029921127113,0.1646629381342671,195
119,3.7030070781707765,0.275807553523053,0.5281099319458008,0.06945661547761371,0.505,2000,3,scale,sigmoid,7500,"{'C': 0.505, 'cache_size': 2000, 'degree': 3, 'gamma': 'scale', 'kernel': 'sigmoid', 'max_iter': 7500}",-0.03651352016646614,-0.042436003043366144,-0.028210779466451452,-0.043617550685826956,-0.05876515243242486,-0.04190860115890711,0.010040709139332043,124
120,5.179779863357544,0.3099748204866832,0.713358736038208,0.08330068295474008,0.505,2000,4,0.1,rbf,7500,"{'C': 0.505, 'cache_size': 2000, 'degree': 4, 'gamma': 0.1, 'kernel': 'rbf', 'max_iter': 7500}",0.08753732187225582,0.061424388220395865,0.045687518043047715,0.09160533389005099,0.060703109472904915,0.06939153429973106,0.017456042095412554,71
121,3.1433857440948487,0.2503117674722159,0.24708266258239747,0.04140480393336051,0.505,2000,4,0.1,linear,7500,"{'C': 0.505, 'cache_size': 2000, 'degree': 4, 'gamma': 0.1, 'kernel': 'linear', 'max_iter': 7500}",0.1450932526711396,0.2597047963569634,0.14274026819734653,0.25862836464762684,0.28291234720997416,0.21781580581661011,0.06096362566813134,23
122,1.3187102794647216,0.1823700802486942,0.021872758865356445,0.007654052579442562,0.505,2000,4,0.1,poly,7500,"{'C': 0.505, 'cache_size': 2000, 'degree': 4, 'gamma': 0.1, 'kernel': 'poly', 'max_iter': 7500}",-250366823671.30698,-159562831470.03583,-418506905.30027425,-373753008328.27673,-108443072439.95016,-178508848562.974,126702947754.40973,220
123,2.0905573844909666,0.09852617603832724,0.2874898433685303,0.04592493479126035,0.505,2000,4,0.1,sigmoid,7500,"{'C': 0.505, 'cache_size': 2000, 'degree': 4, 'gamma': 0.1, 'kernel': 'sigmoid', 'max_iter': 7500}",-0.03949380810519654,-0.04369112409596787,-0.03705699880972002,-0.042537357951423216,-0.06992927525412185,-0.0465417128432859,0.011922848244633253,159
124,3.918626308441162,0.27938729480016977,0.5937277793884277,0.07194115264423882,0.505,2000,4,1e-05,rbf,7500,"{'C': 0.505, 'cache_size': 2000, 'degree': 4, 'gamma': 1e-05, 'kernel': 'rbf', 'max_iter': 7500}",-0.026712487851053623,-0.032124959579602264,-0.02293046478740024,-0.03180686013700407,-0.053769538218408686,-0.03346886211469378,0.010708801859068064,98
125,2.8499075412750243,0.2256849038909389,0.20624589920043945,0.04676813988197884,0.505,2000,4,1e-05,linear,7500,"{'C': 0.505, 'cache_size': 2000, 'degree': 4, 'gamma': 1e-05, 'kernel': 'linear', 'max_iter': 7500}",0.1450932526711396,0.2597047963569634,0.14274026819734653,0.25862836464762684,0.28291234720997416,0.21781580581661011,0.06096362566813134,23
126,2.5092912673950196,0.1457702942682926,0.3249906063079834,0.07084559641702506,0.505,2000,4,1e-05,poly,7500,"{'C': 0.505, 'cache_size': 2000, 'degree': 4, 'gamma': 1e-05, 'kernel': 'poly', 'max_iter': 7500}",-0.039586833129777066,-0.04124648638051842,-0.03684520278981007,-0.037962572438071884,-0.06997764516952487,-0.045123747981540466,0.012515778319267501,136
127,3.5123878955841064,0.24889734175892708,0.5031097888946533,0.05266156594609406,0.505,2000,4,1e-05,sigmoid,7500,"{'C': 0.505, 'cache_size': 2000, 'degree': 4, 'gamma': 1e-05, 'kernel': 'sigmoid', 'max_iter': 7500}",-0.028337881706143264,-0.03213594704678768,-0.02459226950005644,-0.03288588965513628,-0.06017163715185059,-0.03562472501199485,0.012625663122317377,103
128,8.953198719024659,0.7308329247540245,1.820472526550293,0.2551860326874439,0.505,2000,4,1000.0,rbf,7500,"{'C': 0.505, 'cache_size': 2000, 'degree': 4, 'gamma': 1000.0, 'kernel': 'rbf', 'max_iter': 7500}",-0.033089411351870934,-0.03602039447418148,-0.030227945622536057,-0.03568242708869418,-0.0656186361967479,-0.04012776294680611,0.012914804543110735,119
129,3.8349570274353026,0.2379719555761835,0.27995729446411133,0.0688510798267106,0.505,2000,4,1000.0,linear,7500,"{'C': 0.505, 'cache_size': 2000, 'degree': 4, 'gamma': 1000.0, 'kernel': 'linear', 'max_iter': 7500}",0.1450932526711396,0.2597047963569634,0.14274026819734653,0.25862836464762684,0.28291234720997416,0.21781580581661011,0.06096362566813134,23
130,1.540699577331543,0.3144689249951923,0.018749475479125977,0.006248831962506196,0.505,2000,4,1000.0,poly,7500,"{'C': 0.505, 'cache_size': 2000, 'degree': 4, 'gamma': 1000.0, 'kernel': 'poly', 'max_iter': 7500}",-2.2524427262643717e+42,-1.1956768665187273e+42,-108098.11844351099,-30427.433117144225,-1.0398340542838704e+44,-2.148630500423403e+43,4.125710904126386e+43,236
131,2.056184101104736,0.11206300564730282,0.3062385082244873,0.06599467249037459,0.505,2000,4,1000.0,sigmoid,7500,"{'C': 0.505, 'cache_size': 2000, 'degree': 4, 'gamma': 1000.0, 'kernel': 'sigmoid', 'max_iter': 7500}",-0.03949380810519654,-0.04369112409596787,-0.03705699880972002,-0.042537357951423216,-0.06992927525412185,-0.0465417128432859,0.011922848244633253,159
132,5.093307399749756,0.31199903357050884,0.7938037872314453,0.019164569912561272,0.505,2000,4,auto,rbf,7500,"{'C': 0.505, 'cache_size': 2000, 'degree': 4, 'gamma': 'auto', 'kernel': 'rbf', 'max_iter': 7500}",0.08753732187225582,0.061424388220395865,0.045687518043047715,0.09160533389005099,0.060703109472904915,0.06939153429973106,0.017456042095412554,71
133,3.0688738346099855,0.36233596463912066,0.18749656677246093,0.013975158645419336,0.505,2000,4,auto,linear,7500,"{'C': 0.505, 'cache_size': 2000, 'degree': 4, 'gamma': 'auto', 'kernel': 'linear', 'max_iter': 7500}",0.1450932526711396,0.2597047963569634,0.14274026819734653,0.25862836464762684,0.28291234720997416,0.21781580581661011,0.06096362566813134,23
134,1.3093305110931397,0.13919354394557762,0.018751144409179688,0.006250262446648235,0.505,2000,4,auto,poly,7500,"{'C': 0.505, 'cache_size': 2000, 'degree': 4, 'gamma': 'auto', 'kernel': 'poly', 'max_iter': 7500}",-250366823671.30698,-159562831470.03583,-418506905.30027425,-373753008328.27673,-108443072439.95016,-178508848562.974,126702947754.40973,220
135,2.1249332427978516,0.05228843054973779,0.29374008178710936,0.04352406342211546,0.505,2000,4,auto,sigmoid,7500,"{'C': 0.505, 'cache_size': 2000, 'degree': 4, 'gamma': 'auto', 'kernel': 'sigmoid', 'max_iter': 7500}",-0.03949380810519654,-0.04369112409596787,-0.03705699880972002,-0.042537357951423216,-0.06992927525412185,-0.0465417128432859,0.011922848244633253,159
136,3.9154975414276123,0.2744932649790989,0.5656081199645996,0.06803396105715195,0.505,2000,4,scale,rbf,7500,"{'C': 0.505, 'cache_size': 2000, 'degree': 4, 'gamma': 'scale', 'kernel': 'rbf', 'max_iter': 7500}",0.0012394421198502759,-0.012825941990044276,-0.005561238269955027,-0.006050096608591682,-0.024602261524173663,-0.009560019254582875,0.008739261709467273,85
137,3.015530014038086,0.18140418153490084,0.2124932289123535,0.0572806900751113,0.505,2000,4,scale,linear,7500,"{'C': 0.505, 'cache_size': 2000, 'degree': 4, 'gamma': 'scale', 'kernel': 'linear', 'max_iter': 7500}",0.1450932526711396,0.2597047963569634,0.14274026819734653,0.25862836464762684,0.28291234720997416,0.21781580581661011,0.06096362566813134,23
138,3.3561442375183104,0.2825239465231835,0.3343635559082031,0.054661589466780146,0.505,2000,4,scale,poly,7500,"{'C': 0.505, 'cache_size': 2000, 'degree': 4, 'gamma': 'scale', 'kernel': 'poly', 'max_iter': 7500}",-0.3615362395036754,-11.477059607348364,-0.22287701058625653,-6.40873456120719,-0.07055018242344979,-3.708151520213787,4.565702516916364,202
139,3.8061286926269533,0.10250188991362467,0.6249789714813232,0.0395272457028353,0.505,2000,4,scale,sigmoid,7500,"{'C': 0.505, 'cache_size': 2000, 'degree': 4, 'gamma': 'scale', 'kernel': 'sigmoid', 'max_iter': 7500}",-0.03651352016646614,-0.042436003043366144,-0.028210779466451452,-0.043617550685826956,-0.05876515243242486,-0.04190860115890711,0.010040709139332043,124
140,5.405846834182739,0.19000223979697428,0.7324658870697022,0.06629943650007519,0.505,2000,5,0.1,rbf,7500,"{'C': 0.505, 'cache_size': 2000, 'degree': 5, 'gamma': 0.1, 'kernel': 'rbf', 'max_iter': 7500}",0.08753732187225582,0.061424388220395865,0.045687518043047715,0.09160533389005099,0.060703109472904915,0.06939153429973106,0.017456042095412554,71
141,3.1637829780578612,0.4018197216063495,0.2562427520751953,0.02724078845205922,0.505,2000,5,0.1,linear,7500,"{'C': 0.505, 'cache_size': 2000, 'degree': 5, 'gamma': 0.1, 'kernel': 'linear', 'max_iter': 7500}",0.1450932526711396,0.2597047963569634,0.14274026819734653,0.25862836464762684,0.28291234720997416,0.21781580581661011,0.06096362566813134,23
142,1.26558575630188,0.06091618048173371,0.021873044967651366,0.007654207719679828,0.505,2000,5,0.1,poly,7500,"{'C': 0.505, 'cache_size': 2000, 'degree': 5, 'gamma': 0.1, 'kernel': 'poly', 'max_iter': 7500}",-500971.5462529523,-1.097030600470228e+18,-9.997104319230364e+18,-8.567094563149566e+16,-4056251.543464403,-2.235961173067329e+18,3.9026990296856023e+18,228
143,2.0436825275421144,0.08052550614868964,0.2531186580657959,0.006252456139341204,0.505,2000,5,0.1,sigmoid,7500,"{'C': 0.505, 'cache_size': 2000, 'degree': 5, 'gamma': 0.1, 'kernel': 'sigmoid', 'max_iter': 7500}",-0.03949380810519654,-0.04369112409596787,-0.03705699880972002,-0.042537357951423216,-0.06992927525412185,-0.0465417128432859,0.011922848244633253,159
144,4.093620920181275,0.29727689256702705,0.603107213973999,0.048003759029640214,0.505,2000,5,1e-05,rbf,7500,"{'C': 0.505, 'cache_size': 2000, 'degree': 5, 'gamma': 1e-05, 'kernel': 'rbf', 'max_iter': 7500}",-0.026712487851053623,-0.032124959579602264,-0.02293046478740024,-0.03180686013700407,-0.053769538218408686,-0.03346886211469378,0.010708801859068064,98
145,2.8811566829681396,0.2727063253225342,0.23749346733093263,0.05448430072332614,0.505,2000,5,1e-05,linear,7500,"{'C': 0.505, 'cache_size': 2000, 'degree': 5, 'gamma': 1e-05, 'kernel': 'linear', 'max_iter': 7500}",0.1450932526711396,0.2597047963569634,0.14274026819734653,0.25862836464762684,0.28291234720997416,0.21781580581661011,0.06096362566813134,23
146,2.528042936325073,0.22650734536766023,0.3468631744384766,0.07991372895078756,0.505,2000,5,1e-05,poly,7500,"{'C': 0.505, 'cache_size': 2000, 'degree': 5, 'gamma': 1e-05, 'kernel': 'poly', 'max_iter': 7500}",-0.03959005179088293,-0.04375769209606739,-0.03695240886432516,-0.04133205853694588,-0.07009342253876616,-0.0463451267653975,0.012080243464856161,146
147,3.3780176639556885,0.2423366937339424,0.5343578815460205,0.05172786497245765,0.505,2000,5,1e-05,sigmoid,7500,"{'C': 0.505, 'cache_size': 2000, 'degree': 5, 'gamma': 1e-05, 'kernel': 'sigmoid', 'max_iter': 7500}",-0.028337881706143264,-0.03213594704678768,-0.02459226950005644,-0.03288588965513628,-0.06017163715185059,-0.03562472501199485,0.012625663122317377,103
148,8.261103439331055,0.46419990601231714,1.8312418460845947,0.25252525486766075,0.505,2000,5,1000.0,rbf,7500,"{'C': 0.505, 'cache_size': 2000, 'degree': 5, 'gamma': 1000.0, 'kernel': 'rbf', 'max_iter': 7500}",-0.033089411351870934,-0.03602039447418148,-0.030227945622536057,-0.03568242708869418,-0.0656186361967479,-0.04012776294680611,0.012914804543110735,119
149,3.777714395523071,0.3223999607693819,0.24804420471191407,0.05546037586972852,0.505,2000,5,1000.0,linear,7500,"{'C': 0.505, 'cache_size': 2000, 'degree': 5, 'gamma': 1000.0, 'kernel': 'linear', 'max_iter': 7500}",0.1450932526711396,0.2597047963569634,0.14274026819734653,0.25862836464762684,0.28291234720997416,0.21781580581661011,0.06096362566813134,23
150,3.3967655181884764,0.2530204081483016,0.2968663215637207,0.03277334433113701,0.505,2000,5,1000.0,poly,7500,"{'C': 0.505, 'cache_size': 2000, 'degree': 5, 'gamma': 1000.0, 'kernel': 'poly', 'max_iter': 7500}",-6.483264914513607e+74,-1.3111300720308496e+75,-1.2154061574667303e+74,-2.0492920333279043e+75,-5.2238536069765255e+75,-1.8708285639066625e+75,1.7967976065163752e+75,239
151,2.3499232292175294,0.22783843766504644,0.3187393665313721,0.04800607769218617,0.505,2000,5,1000.0,sigmoid,7500,"{'C': 0.505, 'cache_size': 2000, 'degree': 5, 'gamma': 1000.0, 'kernel': 'sigmoid', 'max_iter': 7500}",-0.03949380810519654,-0.04369112409596787,-0.03705699880972002,-0.042537357951423216,-0.06992927525412185,-0.0465417128432859,0.011922848244633253,159
152,5.103159379959107,0.3672069006524187,0.7499881267547608,0.04897419567103676,0.505,2000,5,auto,rbf,7500,"{'C': 0.505, 'cache_size': 2000, 'degree': 5, 'gamma': 'auto', 'kernel': 'rbf', 'max_iter': 7500}",0.08753732187225582,0.061424388220395865,0.045687518043047715,0.09160533389005099,0.060703109472904915,0.06939153429973106,0.017456042095412554,71
153,3.2806296348571777,0.30793018396471294,0.2124937057495117,0.05284812530979408,0.505,2000,5,auto,linear,7500,"{'C': 0.505, 'cache_size': 2000, 'degree': 5, 'gamma': 'auto', 'kernel': 'linear', 'max_iter': 7500}",0.1450932526711396,0.2597047963569634,0.14274026819734653,0.25862836464762684,0.28291234720997416,0.21781580581661011,0.06096362566813134,23
154,1.2499539852142334,0.061716256375871505,0.018750524520874022,0.00624914203695144,0.505,2000,5,auto,poly,7500,"{'C': 0.505, 'cache_size': 2000, 'degree': 5, 'gamma': 'auto', 'kernel': 'poly', 'max_iter': 7500}",-500971.5462529523,-1.097030600470228e+18,-9.997104319230364e+18,-8.567094563149566e+16,-4056251.543464403,-2.235961173067329e+18,3.9026990296856023e+18,228
155,2.146807098388672,0.1267807962749363,0.26561589241027833,0.022095468500984077,0.505,2000,5,auto,sigmoid,7500,"{'C': 0.505, 'cache_size': 2000, 'degree': 5, 'gamma': 'auto', 'kernel': 'sigmoid', 'max_iter': 7500}",-0.03949380810519654,-0.04369112409596787,-0.03705699880972002,-0.042537357951423216,-0.06992927525412185,-0.0465417128432859,0.011922848244633253,159
156,4.034245395660401,0.2947016521054621,0.5656071662902832,0.026881374092726548,0.505,2000,5,scale,rbf,7500,"{'C': 0.505, 'cache_size': 2000, 'degree': 5, 'gamma': 'scale', 'kernel': 'rbf', 'max_iter': 7500}",0.0012394421198502759,-0.012825941990044276,-0.005561238269955027,-0.006050096608591682,-0.024602261524173663,-0.009560019254582875,0.008739261709467273,85
157,3.015528917312622,0.32278915897322713,0.26561894416809084,0.022094726703278927,0.505,2000,5,scale,linear,7500,"{'C': 0.505, 'cache_size': 2000, 'degree': 5, 'gamma': 'scale', 'kernel': 'linear', 'max_iter': 7500}",0.1450932526711396,0.2597047963569634,0.14274026819734653,0.25862836464762684,0.28291234720997416,0.21781580581661011,0.06096362566813134,23
158,3.1936447620391846,0.2109265516596837,0.34373998641967773,0.05676795854817406,0.505,2000,5,scale,poly,7500,"{'C': 0.505, 'cache_size': 2000, 'degree': 5, 'gamma': 'scale', 'kernel': 'poly', 'max_iter': 7500}",-294.3802410855673,-4534.136871384632,-0.515109043722412,-8.56479276296657,-3.5564093953753773,-968.2306847344526,1786.4932056710807,208
159,3.699879693984985,0.15976705867067065,0.5687309741973877,0.04261838431375022,0.505,2000,5,scale,sigmoid,7500,"{'C': 0.505, 'cache_size': 2000, 'degree': 5, 'gamma': 'scale', 'kernel': 'sigmoid', 'max_iter': 7500}",-0.03651352016646614,-0.042436003043366144,-0.028210779466451452,-0.043617550685826956,-0.05876515243242486,-0.04190860115890711,0.010040709139332043,124
160,5.431002044677735,0.3554194949751684,0.7516722679138184,0.04961740027808665,1.0,2000,2,0.1,rbf,7500,"{'C': 1.0, 'cache_size': 2000, 'degree': 2, 'gamma': 0.1, 'kernel': 'rbf', 'max_iter': 7500}",0.1192286735347361,0.08567585809922529,0.06532016578627331,0.12574010044408745,0.09308369824309692,0.09780969922148382,0.022199165486805884,63
161,3.237546110153198,0.4118573923828478,0.24079999923706055,0.04792532235464029,1.0,2000,2,0.1,linear,7500,"{'C': 1.0, 'cache_size': 2000, 'degree': 2, 'gamma': 0.1, 'kernel': 'linear', 'max_iter': 7500}",0.1174197394337334,0.22631823305336796,-0.15398148249622,0.2650373262529361,0.2831995114904279,0.14759866554684906,0.16139241124197096,43
162,2.0718098640441895,0.13020024458771506,0.11562132835388184,0.023384523970694824,1.0,2000,2,0.1,poly,7500,"{'C': 1.0, 'cache_size': 2000, 'degree': 2, 'gamma': 0.1, 'kernel': 'poly', 'max_iter': 7500}",-9.92453901594111,-63.45173644319138,-5432.169307432913,-283.80051214530613,-12.125512622029664,-1160.2943215318762,2138.3106977145867,209
163,2.1936800479888916,0.09509408503394724,0.2843656539916992,0.03336509249802078,1.0,2000,2,0.1,sigmoid,7500,"{'C': 1.0, 'cache_size': 2000, 'degree': 2, 'gamma': 0.1, 'kernel': 'sigmoid', 'max_iter': 7500}",-0.03949380810519654,-0.04369112409596787,-0.03705699880972002,-0.042537357951423216,-0.06992927525412185,-0.0465417128432859,0.011922848244633253,159
164,3.834250259399414,0.2532147455757383,0.6187325477600097,0.021193536878578077,1.0,2000,2,1e-05,rbf,7500,"{'C': 1.0, 'cache_size': 2000, 'degree': 2, 'gamma': 1e-05, 'kernel': 'rbf', 'max_iter': 7500}",-0.023287991119677276,-0.030505574799549295,-0.02091060092340813,-0.028618193912371748,-0.04764428942994092,-0.030193330036989475,0.00939113730808297,90
165,2.7124142169952394,0.19679572925862568,0.19999327659606933,0.037497532376072305,1.0,2000,2,1e-05,linear,7500,"{'C': 1.0, 'cache_size': 2000, 'degree': 2, 'gamma': 1e-05, 'kernel': 'linear', 'max_iter': 7500}",0.1174197394337334,0.22631823305336796,-0.15398148249622,0.2650373262529361,0.2831995114904279,0.14759866554684906,0.16139241124197096,43
166,2.559294414520264,0.17325421193044466,0.26561675071716306,0.06091647402776099,1.0,2000,2,1e-05,poly,7500,"{'C': 1.0, 'cache_size': 2000, 'degree': 2, 'gamma': 1e-05, 'kernel': 'poly', 'max_iter': 7500}",-0.033267936908487394,-0.03638530546030894,-0.03041863130757383,-0.03548636693311047,-0.06809776553793956,-0.04073120122948404,0.013837437274301414,123
167,3.5311360359191895,0.2758066242894151,0.4968591213226318,0.03336538727052148,1.0,2000,2,1e-05,sigmoid,7500,"{'C': 1.0, 'cache_size': 2000, 'degree': 2, 'gamma': 1e-05, 'kernel': 'sigmoid', 'max_iter': 7500}",-0.025891980940397463,-0.03144138958707132,-0.02241664696614265,-0.030627897794980763,-0.05377995566777516,-0.03283157419127347,0.010974991143237906,94
168,8.816098260879517,0.8080526546298308,1.871604824066162,0.24659944760161479,1.0,2000,2,1000.0,rbf,7500,"{'C': 1.0, 'cache_size': 2000, 'degree': 2, 'gamma': 1000.0, 'kernel': 'rbf', 'max_iter': 7500}",-0.03036481532472024,-0.034089449532263894,-0.027471384820865197,-0.03389010628472833,-0.061677386938385315,-0.037498628580192594,0.01233444931607809,115
169,3.7805342197418215,0.274010180883458,0.28642663955688474,0.07055196126684277,1.0,2000,2,1000.0,linear,7500,"{'C': 1.0, 'cache_size': 2000, 'degree': 2, 'gamma': 1000.0, 'kernel': 'linear', 'max_iter': 7500}",0.1174197394337334,0.22631823305336796,-0.15398148249622,0.2650373262529361,0.2831995114904279,0.14759866554684906,0.16139241124197096,43
170,1.549346923828125,0.25581777457280264,0.01874856948852539,0.015309213682865589,1.0,2000,2,1000.0,poly,7500,"{'C': 1.0, 'cache_size': 2000, 'degree': 2, 'gamma': 1000.0, 'kernel': 'poly', 'max_iter': 7500}",-75992413105406.45,-124296064774968.77,-168347281360714.88,-26345.690534147398,-511855399624718.7,-176098231778430.9,176922683484735.94,227
171,2.0999338626861572,0.14408328472061604,0.26561436653137205,0.01711794059987757,1.0,2000,2,1000.0,sigmoid,7500,"{'C': 1.0, 'cache_size': 2000, 'degree': 2, 'gamma': 1000.0, 'kernel': 'sigmoid', 'max_iter': 7500}",-0.03949380810519654,-0.04369112409596787,-0.03705699880972002,-0.042537357951423216,-0.06992927525412185,-0.0465417128432859,0.011922848244633253,159
172,5.078405857086182,0.433928158399134,0.749976634979248,0.040743661881316014,1.0,2000,2,auto,rbf,7500,"{'C': 1.0, 'cache_size': 2000, 'degree': 2, 'gamma': 'auto', 'kernel': 'rbf', 'max_iter': 7500}",0.1192286735347361,0.08567585809922529,0.06532016578627331,0.12574010044408745,0.09308369824309692,0.09780969922148382,0.022199165486805884,63
173,3.211959791183472,0.31662830778081813,0.20542173385620116,0.03117958485213077,1.0,2000,2,auto,linear,7500,"{'C': 1.0, 'cache_size': 2000, 'degree': 2, 'gamma': 'auto', 'kernel': 'linear', 'max_iter': 7500}",0.1174197394337334,0.22631823305336796,-0.15398148249622,0.2650373262529361,0.2831995114904279,0.14759866554684906,0.16139241124197096,43
174,2.006183052062988,0.13749754321102808,0.09062318801879883,0.006247663557064069,1.0,2000,2,auto,poly,7500,"{'C': 1.0, 'cache_size': 2000, 'degree': 2, 'gamma': 'auto', 'kernel': 'poly', 'max_iter': 7500}",-9.92453901594111,-63.45173644319138,-5432.169307432913,-283.80051214530613,-12.125512622029664,-1160.2943215318762,2138.3106977145867,209
175,2.1843063831329346,0.1047655299528219,0.25311694145202634,0.03029715810318198,1.0,2000,2,auto,sigmoid,7500,"{'C': 1.0, 'cache_size': 2000, 'degree': 2, 'gamma': 'auto', 'kernel': 'sigmoid', 'max_iter': 7500}",-0.03949380810519654,-0.04369112409596787,-0.03705699880972002,-0.042537357951423216,-0.06992927525412185,-0.0465417128432859,0.011922848244633253,159
176,4.0858173847198485,0.27406426333718276,0.6058438301086426,0.031057504684068284,1.0,2000,2,scale,rbf,7500,"{'C': 1.0, 'cache_size': 2000, 'degree': 2, 'gamma': 'scale', 'kernel': 'rbf', 'max_iter': 7500}",0.02612966292614871,0.009460724715487978,0.010858415554469314,0.019822997261490727,0.0044793832151130974,0.014150236734541966,0.007772256832206951,80
177,3.009278345108032,0.1271652902604944,0.212493896484375,0.056419908139249526,1.0,2000,2,scale,linear,7500,"{'C': 1.0, 'cache_size': 2000, 'degree': 2, 'gamma': 'scale', 'kernel': 'linear', 'max_iter': 7500}",0.1174197394337334,0.22631823305336796,-0.15398148249622,0.2650373262529361,0.2831995114904279,0.14759866554684906,0.16139241124197096,43
178,2.7905372619628905,0.11800183995581784,0.2812413215637207,0.0640426628737708,1.0,2000,2,scale,poly,7500,"{'C': 1.0, 'cache_size': 2000, 'degree': 2, 'gamma': 'scale', 'kernel': 'poly', 'max_iter': 7500}",0.045350905834020794,0.016625804015454104,0.017357796389076086,0.033834222041647544,0.01617542104246661,0.025868829864533028,0.011788402341920084,79
179,3.9154975414276123,0.20883076610693665,0.6187308311462403,0.046975343266764,1.0,2000,2,scale,sigmoid,7500,"{'C': 1.0, 'cache_size': 2000, 'degree': 2, 'gamma': 'scale', 'kernel': 'sigmoid', 'max_iter': 7500}",-0.18394964709523776,-0.1576594748723139,-0.10820269705940322,-0.17448800701397738,-0.1959495752696554,-0.16404988026211753,0.03060160422068734,197
180,5.385092496871948,0.1767464186774641,0.745319938659668,0.05566473688223572,1.0,2000,3,0.1,rbf,7500,"{'C': 1.0, 'cache_size': 2000, 'degree': 3, 'gamma': 0.1, 'kernel': 'rbf', 'max_iter': 7500}",0.1192286735347361,0.08567585809922529,0.06532016578627331,0.12574010044408745,0.09308369824309692,0.09780969922148382,0.022199165486805884,63
181,3.344513273239136,0.3661356799698007,0.2343691349029541,0.04841072209691523,1.0,2000,3,0.1,linear,7500,"{'C': 1.0, 'cache_size': 2000, 'degree': 3, 'gamma': 0.1, 'kernel': 'linear', 'max_iter': 7500}",0.1174197394337334,0.22631823305336796,-0.15398148249622,0.2650373262529361,0.2831995114904279,0.14759866554684906,0.16139241124197096,43
182,1.3937038898468017,0.1402390684828997,0.021874046325683592,0.012499225375731695,1.0,2000,3,0.1,poly,7500,"{'C': 1.0, 'cache_size': 2000, 'degree': 3, 'gamma': 0.1, 'kernel': 'poly', 'max_iter': 7500}",-98731.7247335415,-42479.48943188481,-123711.4148287146,-51269.247081232344,-40963.90926694455,-71431.15706846357,33619.93815635325,213
183,2.1155582904815673,0.12045969453470208,0.2874910831451416,0.04484889545620544,1.0,2000,3,0.1,sigmoid,7500,"{'C': 1.0, 'cache_size': 2000, 'degree': 3, 'gamma': 0.1, 'kernel': 'sigmoid', 'max_iter': 7500}",-0.03949380810519654,-0.04369112409596787,-0.03705699880972002,-0.042537357951423216,-0.06992927525412185,-0.0465417128432859,0.011922848244633253,159
184,3.9186238765716555,0.17770771802196583,0.5656083583831787,0.06803390630163138,1.0,2000,3,1e-05,rbf,7500,"{'C': 1.0, 'cache_size': 2000, 'degree': 3, 'gamma': 1e-05, 'kernel': 'rbf', 'max_iter': 7500}",-0.023287991119677276,-0.030505574799549295,-0.02091060092340813,-0.028618193912371748,-0.04764428942994092,-0.030193330036989475,0.00939113730808297,90
185,2.9780314922332765,0.3246905198035152,0.1812429904937744,0.02338393140006114,1.0,2000,3,1e-05,linear,7500,"{'C': 1.0, 'cache_size': 2000, 'degree': 3, 'gamma': 1e-05, 'kernel': 'linear', 'max_iter': 7500}",0.1174197394337334,0.22631823305336796,-0.15398148249622,0.2650373262529361,0.2831995114904279,0.14759866554684906,0.16139241124197096,43
186,2.6436641216278076,0.1227883946259196,0.31249146461486815,0.07193990977372217,1.0,2000,3,1e-05,poly,7500,"{'C': 1.0, 'cache_size': 2000, 'degree': 3, 'gamma': 1e-05, 'kernel': 'poly', 'max_iter': 7500}",-0.03820872553505672,-0.03957108776367391,-0.03446910900368061,-0.036665695462437586,-0.0696645092305519,-0.043715825399080144,0.013084703189487009,129
187,3.4405155181884766,0.17297097803806827,0.4999835968017578,0.051349135098710134,1.0,2000,3,1e-05,sigmoid,7500,"{'C': 1.0, 'cache_size': 2000, 'degree': 3, 'gamma': 1e-05, 'kernel': 'sigmoid', 'max_iter': 7500}",-0.025891980940397463,-0.03144138958707132,-0.02241664696614265,-0.030627897794980763,-0.05377995566777516,-0.03283157419127347,0.010974991143237906,94
188,9.034962368011474,0.3033253411483879,1.7416146755218507,0.25977557057295514,1.0,2000,3,1000.0,rbf,7500,"{'C': 1.0, 'cache_size': 2000, 'degree': 3, 'gamma': 1000.0, 'kernel': 'rbf', 'max_iter': 7500}",-0.03036481532472024,-0.034089449532263894,-0.027471384820865197,-0.03389010628472833,-0.061677386938385315,-0.037498628580192594,0.01233444931607809,115
189,3.914188051223755,0.30409372556648473,0.25891776084899903,0.045878752839075575,1.0,2000,3,1000.0,linear,7500,"{'C': 1.0, 'cache_size': 2000, 'degree': 3, 'gamma': 1000.0, 'kernel': 'linear', 'max_iter': 7500}",0.1174197394337334,0.22631823305336796,-0.15398148249622,0.2650373262529361,0.2831995114904279,0.14759866554684906,0.16139241124197096,43
190,1.4701870918273925,0.26515581900784957,0.01874861717224121,0.006250572341001559,1.0,2000,3,1000.0,poly,7500,"{'C': 1.0, 'cache_size': 2000, 'degree': 3, 'gamma': 1000.0, 'kernel': 'poly', 'max_iter': 7500}",-7.092262279687396e+27,-1.8106958942963315e+28,-1.2488205586892805e+29,-3.847285899678366e+29,-9.122186832888357e+29,-2.8940571006965023e+29,3.398100584149094e+29,234
191,2.074933099746704,0.0975298773939498,0.29373998641967775,0.06510051541883394,1.0,2000,3,1000.0,sigmoid,7500,"{'C': 1.0, 'cache_size': 2000, 'degree': 3, 'gamma': 1000.0, 'kernel': 'sigmoid', 'max_iter': 7500}",-0.03949380810519654,-0.04369112409596787,-0.03705699880972002,-0.042537357951423216,-0.06992927525412185,-0.0465417128432859,0.011922848244633253,159
192,4.954285430908203,0.32346975519809107,0.7030380725860595,0.058513398051447736,1.0,2000,3,auto,rbf,7500,"{'C': 1.0, 'cache_size': 2000, 'degree': 3, 'gamma': 'auto', 'kernel': 'rbf', 'max_iter': 7500}",0.1192286735347361,0.08567585809922529,0.06532016578627331,0.12574010044408745,0.09308369824309692,0.09780969922148382,0.022199165486805884,63
193,2.9884292125701903,0.23471673085726877,0.2093675136566162,0.0414552902897768,1.0,2000,3,auto,linear,7500,"{'C': 1.0, 'cache_size': 2000, 'degree': 3, 'gamma': 'auto', 'kernel': 'linear', 'max_iter': 7500}",0.1174197394337334,0.22631823305336796,-0.15398148249622,0.2650373262529361,0.2831995114904279,0.14759866554684906,0.16139241124197096,43
194,1.4187051773071289,0.13272449399195432,0.02187371253967285,0.018749038450512463,1.0,2000,3,auto,poly,7500,"{'C': 1.0, 'cache_size': 2000, 'degree': 3, 'gamma': 'auto', 'kernel': 'poly', 'max_iter': 7500}",-98731.7247335415,-42479.48943188481,-123711.4148287146,-51269.247081232344,-40963.90926694455,-71431.15706846357,33619.93815635325,213
195,2.0968082904815675,0.06803472765187013,0.3031145095825195,0.06745799868547812,1.0,2000,3,auto,sigmoid,7500,"{'C': 1.0, 'cache_size': 2000, 'degree': 3, 'gamma': 'auto', 'kernel': 'sigmoid', 'max_iter': 7500}",-0.03949380810519654,-0.04369112409596787,-0.03705699880972002,-0.042537357951423216,-0.06992927525412185,-0.0465417128432859,0.011922848244633253,159
196,3.9436228275299072,0.174435420181258,0.5874835014343261,0.05376167269534556,1.0,2000,3,scale,rbf,7500,"{'C': 1.0, 'cache_size': 2000, 'degree': 3, 'gamma': 'scale', 'kernel': 'rbf', 'max_iter': 7500}",0.02612966292614871,0.009460724715487978,0.010858415554469314,0.019822997261490727,0.0044793832151130974,0.014150236734541966,0.007772256832206951,80
197,2.984282684326172,0.15686697281768433,0.21561746597290038,0.03479928526027895,1.0,2000,3,scale,linear,7500,"{'C': 1.0, 'cache_size': 2000, 'degree': 3, 'gamma': 'scale', 'kernel': 'linear', 'max_iter': 7500}",0.1174197394337334,0.22631823305336796,-0.15398148249622,0.2650373262529361,0.2831995114904279,0.14759866554684906,0.16139241124197096,43
198,3.0811517238616943,0.20405260676412246,0.28124074935913085,0.06010876564398725,1.0,2000,3,scale,poly,7500,"{'C': 1.0, 'cache_size': 2000, 'degree': 3, 'gamma': 'scale', 'kernel': 'poly', 'max_iter': 7500}",0.10268397486325653,-0.6497358405377527,0.04759172927663158,0.0067141512554496074,-0.004665837948314877,-0.09948236461814597,0.27768643445055446,196
199,3.934251832962036,0.1621926465274677,0.5593589782714844,0.060431058441363796,1.0,2000,3,scale,sigmoid,7500,"{'C': 1.0, 'cache_size': 2000, 'degree': 3, 'gamma': 'scale', 'kernel': 'sigmoid', 'max_iter': 7500}",-0.18394964709523776,-0.1576594748723139,-0.10820269705940322,-0.17448800701397738,-0.1959495752696554,-0.16404988026211753,0.03060160422068734,197
200,5.280794239044189,0.16348077490168578,0.6676796913146973,0.0737621303428955,1.0,2000,4,0.1,rbf,7500,"{'C': 1.0, 'cache_size': 2000, 'degree': 4, 'gamma': 0.1, 'kernel': 'rbf', 'max_iter': 7500}",0.1192286735347361,0.08567585809922529,0.06532016578627331,0.12574010044408745,0.09308369824309692,0.09780969922148382,0.022199165486805884,63
201,3.1333426952362062,0.4458648219276798,0.22689437866210938,0.044509512675897256,1.0,2000,4,0.1,linear,7500,"{'C': 1.0, 'cache_size': 2000, 'degree': 4, 'gamma': 0.1, 'kernel': 'linear', 'max_iter': 7500}",0.1174197394337334,0.22631823305336796,-0.15398148249622,0.2650373262529361,0.2831995114904279,0.14759866554684906,0.16139241124197096,43
202,1.290582799911499,0.075645453083563,0.02499861717224121,0.00765342941426985,1.0,2000,4,0.1,poly,7500,"{'C': 1.0, 'cache_size': 2000, 'degree': 4, 'gamma': 0.1, 'kernel': 'poly', 'max_iter': 7500}",-1655877.419685104,-10851673588446.354,-28883385964.03289,-55127635131.749176,-347049829083.84515,-2256547218900.6807,4299374601137.985,222
203,2.128055715560913,0.13635561541893215,0.2812394618988037,0.027948770674745556,1.0,2000,4,0.1,sigmoid,7500,"{'C': 1.0, 'cache_size': 2000, 'degree': 4, 'gamma': 0.1, 'kernel': 'sigmoid', 'max_iter': 7500}",-0.03949380810519654,-0.04369112409596787,-0.03705699880972002,-0.042537357951423216,-0.06992927525412185,-0.0465417128432859,0.011922848244633253,159
204,3.956125259399414,0.31981104388808174,0.6187293052673339,0.06373714075257349,1.0,2000,4,1e-05,rbf,7500,"{'C': 1.0, 'cache_size': 2000, 'degree': 4, 'gamma': 1e-05, 'kernel': 'rbf', 'max_iter': 7500}",-0.023287991119677276,-0.030505574799549295,-0.02091060092340813,-0.028618193912371748,-0.04764428942994092,-0.030193330036989475,0.00939113730808297,90
205,2.931155061721802,0.3231845475722942,0.19999322891235352,0.04676981892459448,1.0,2000,4,1e-05,linear,7500,"{'C': 1.0, 'cache_size': 2000, 'degree': 4, 'gamma': 1e-05, 'kernel': 'linear', 'max_iter': 7500}",0.1174197394337334,0.22631823305336796,-0.15398148249622,0.2650373262529361,0.2831995114904279,0.14759866554684906,0.16139241124197096,43
206,2.612418222427368,0.14570409046892102,0.30936412811279296,0.031867431951499534,1.0,2000,4,1e-05,poly,7500,"{'C': 1.0, 'cache_size': 2000, 'degree': 4, 'gamma': 1e-05, 'kernel': 'poly', 'max_iter': 7500}",-0.038550711366319934,-0.03981837733007576,-0.03675697000039424,-0.03792257835806234,-0.0699949045103061,-0.044608708313031674,0.012731533164580167,135
207,3.4592629432678224,0.254753599281238,0.46248559951782225,0.035077256403038694,1.0,2000,4,1e-05,sigmoid,7500,"{'C': 1.0, 'cache_size': 2000, 'degree': 4, 'gamma': 1e-05, 'kernel': 'sigmoid', 'max_iter': 7500}",-0.025891980940397463,-0.03144138958707132,-0.02241664696614265,-0.030627897794980763,-0.05377995566777516,-0.03283157419127347,0.010974991143237906,94
208,8.475566053390503,0.7540654787725987,1.789544153213501,0.27410037875833504,1.0,2000,4,1000.0,rbf,7500,"{'C': 1.0, 'cache_size': 2000, 'degree': 4, 'gamma': 1000.0, 'kernel': 'rbf', 'max_iter': 7500}",-0.03036481532472024,-0.034089449532263894,-0.027471384820865197,-0.03389010628472833,-0.061677386938385315,-0.037498628580192594,0.01233444931607809,115
209,3.7670323848724365,0.21577246999925911,0.2462233066558838,0.04553444410854686,1.0,2000,4,1000.0,linear,7500,"{'C': 1.0, 'cache_size': 2000, 'degree': 4, 'gamma': 1000.0, 'kernel': 'linear', 'max_iter': 7500}",0.1174197394337334,0.22631823305336796,-0.15398148249622,0.2650373262529361,0.2831995114904279,0.14759866554684906,0.16139241124197096,43
210,1.492914628982544,0.3152825014283337,0.01874833106994629,0.0062494040433734134,1.0,2000,4,1000.0,poly,7500,"{'C': 1.0, 'cache_size': 2000, 'degree': 4, 'gamma': 1000.0, 'kernel': 'poly', 'max_iter': 7500}",-8.832242827857035e+42,-1.5135777177845215e+43,-108098.11844351099,-30427.433117144225,-4.077380865039797e+44,-8.634122130193639e+43,1.6080013368808166e+44,237
211,2.096805047988892,0.10429988399288374,0.28124270439147947,0.03952860271327041,1.0,2000,4,1000.0,sigmoid,7500,"{'C': 1.0, 'cache_size': 2000, 'degree': 4, 'gamma': 1000.0, 'kernel': 'sigmoid', 'max_iter': 7500}",-0.03949380810519654,-0.04369112409596787,-0.03705699880972002,-0.042537357951423216,-0.06992927525412185,-0.0465417128432859,0.011922848244633253,159
212,5.087848854064942,0.348886754703234,0.7637624263763427,0.042650537180107466,1.0,2000,4,auto,rbf,7500,"{'C': 1.0, 'cache_size': 2000, 'degree': 4, 'gamma': 'auto', 'kernel': 'rbf', 'max_iter': 7500}",0.1192286735347361,0.08567585809922529,0.06532016578627331,0.12574010044408745,0.09308369824309692,0.09780969922148382,0.022199165486805884,63
213,3.0559543132781983,0.25073786114485835,0.23749184608459473,0.03617435029312098,1.0,2000,4,auto,linear,7500,"{'C': 1.0, 'cache_size': 2000, 'degree': 4, 'gamma': 'auto', 'kernel': 'linear', 'max_iter': 7500}",0.1174197394337334,0.22631823305336796,-0.15398148249622,0.2650373262529361,0.2831995114904279,0.14759866554684906,0.16139241124197096,43
214,1.2968311309814453,0.08267877337181397,0.024999141693115234,0.00765590149534224,1.0,2000,4,auto,poly,7500,"{'C': 1.0, 'cache_size': 2000, 'degree': 4, 'gamma': 'auto', 'kernel': 'poly', 'max_iter': 7500}",-1655877.419685104,-10851673588446.354,-28883385964.03289,-55127635131.749176,-347049829083.84515,-2256547218900.6807,4299374601137.985,222
215,2.137432813644409,0.08291293485968274,0.28124003410339354,0.01711593818467826,1.0,2000,4,auto,sigmoid,7500,"{'C': 1.0, 'cache_size': 2000, 'degree': 4, 'gamma': 'auto', 'kernel': 'sigmoid', 'max_iter': 7500}",-0.03949380810519654,-0.04369112409596787,-0.03705699880972002,-0.042537357951423216,-0.06992927525412185,-0.0465417128432859,0.011922848244633253,159
216,3.9064876079559325,0.22252184070242914,0.5829756736755372,0.0660994514318309,1.0,2000,4,scale,rbf,7500,"{'C': 1.0, 'cache_size': 2000, 'degree': 4, 'gamma': 'scale', 'kernel': 'rbf', 'max_iter': 7500}",0.02612966292614871,0.009460724715487978,0.010858415554469314,0.019822997261490727,0.0044793832151130974,0.014150236734541966,0.007772256832206951,80
217,3.03289532661438,0.243813379228488,0.20311980247497557,0.03952432411698664,1.0,2000,4,scale,linear,7500,"{'C': 1.0, 'cache_size': 2000, 'degree': 4, 'gamma': 'scale', 'kernel': 'linear', 'max_iter': 7500}",0.1174197394337334,0.22631823305336796,-0.15398148249622,0.2650373262529361,0.2831995114904279,0.14759866554684906,0.16139241124197096,43
218,3.2498950481414797,0.1789686419635151,0.35311431884765626,0.05096440674107686,1.0,2000,4,scale,poly,7500,"{'C': 1.0, 'cache_size': 2000, 'degree': 4, 'gamma': 'scale', 'kernel': 'poly', 'max_iter': 7500}",-2.1605266628039392,-12.225933069206093,0.046214934950575604,-8.506186271012625,-5.224518019615126,-5.614189817537441,4.386310695136579,203
219,3.977997636795044,0.12522631210918989,0.5593596935272217,0.0970216902877889,1.0,2000,4,scale,sigmoid,7500,"{'C': 1.0, 'cache_size': 2000, 'degree': 4, 'gamma': 'scale', 'kernel': 'sigmoid', 'max_iter': 7500}",-0.18394964709523776,-0.1576594748723139,-0.10820269705940322,-0.17448800701397738,-0.1959495752696554,-0.16404988026211753,0.03060160422068734,197
220,5.0625382423400875,0.24405201637076468,0.6778115272521973,0.05055476090032324,1.0,2000,5,0.1,rbf,7500,"{'C': 1.0, 'cache_size': 2000, 'degree': 5, 'gamma': 0.1, 'kernel': 'rbf', 'max_iter': 7500}",0.1192286735347361,0.08567585809922529,0.06532016578627331,0.12574010044408745,0.09308369824309692,0.09780969922148382,0.022199165486805884,63
221,3.106957769393921,0.3716989847158275,0.2187432289123535,0.027950209991894858,1.0,2000,5,0.1,linear,7500,"{'C': 1.0, 'cache_size': 2000, 'degree': 5, 'gamma': 0.1, 'kernel': 'linear', 'max_iter': 7500}",0.1174197394337334,0.22631823305336796,-0.15398148249622,0.2650373262529361,0.2831995114904279,0.14759866554684906,0.16139241124197096,43
222,1.26246018409729,0.08291128864070367,0.012500381469726563,0.006250190944040676,1.0,2000,5,0.1,poly,7500,"{'C': 1.0, 'cache_size': 2000, 'degree': 5, 'gamma': 0.1, 'kernel': 'poly', 'max_iter': 7500}",-500971.5462529523,-8.339437088229248e+17,-2.9546460114067224e+16,-1.0081412237162353e+20,-4056251.543464403,-2.033552250811302e+19,4.024056715871092e+19,230
223,2.093680572509766,0.08893423395510501,0.29686603546142576,0.04739092784814164,1.0,2000,5,0.1,sigmoid,7500,"{'C': 1.0, 'cache_size': 2000, 'degree': 5, 'gamma': 0.1, 'kernel': 'sigmoid', 'max_iter': 7500}",-0.03949380810519654,-0.04369112409596787,-0.03705699880972002,-0.042537357951423216,-0.06992927525412185,-0.0465417128432859,0.011922848244633253,159
224,4.099870824813843,0.25570664035750806,0.6499782085418702,0.03217301524068477,1.0,2000,5,1e-05,rbf,7500,"{'C': 1.0, 'cache_size': 2000, 'degree': 5, 'gamma': 1e-05, 'kernel': 'rbf', 'max_iter': 7500}",-0.023287991119677276,-0.030505574799549295,-0.02091060092340813,-0.028618193912371748,-0.04764428942994092,-0.030193330036989475,0.00939113730808297,90
225,2.9561574935913084,0.23497043773237578,0.22499308586120606,0.045924298909838165,1.0,2000,5,1e-05,linear,7500,"{'C': 1.0, 'cache_size': 2000, 'degree': 5, 'gamma': 1e-05, 'kernel': 'linear', 'max_iter': 7500}",0.1174197394337334,0.22631823305336796,-0.15398148249622,0.2650373262529361,0.2831995114904279,0.14759866554684906,0.16139241124197096,43
226,2.771786832809448,0.10941636944273629,0.30624074935913087,0.06888894009411148,1.0,2000,5,1e-05,poly,7500,"{'C': 1.0, 'cache_size': 2000, 'degree': 5, 'gamma': 1e-05, 'kernel': 'poly', 'max_iter': 7500}",-0.03960617524770549,-0.04375268043859082,-0.03693233018652475,-0.037999276944265414,-0.07016591591280363,-0.04569127574597802,0.012455364980718215,141
227,3.556137943267822,0.2299721026323666,0.5374831676483154,0.052847970242533224,1.0,2000,5,1e-05,sigmoid,7500,"{'C': 1.0, 'cache_size': 2000, 'degree': 5, 'gamma': 1e-05, 'kernel': 'sigmoid', 'max_iter': 7500}",-0.025891980940397463,-0.03144138958707132,-0.02241664696614265,-0.030627897794980763,-0.05377995566777516,-0.03283157419127347,0.010974991143237906,94
228,8.71288275718689,0.5080873689041939,1.6445104122161864,0.28596407277448543,1.0,2000,5,1000.0,rbf,7500,"{'C': 1.0, 'cache_size': 2000, 'degree': 5, 'gamma': 1000.0, 'kernel': 'rbf', 'max_iter': 7500}",-0.03036481532472024,-0.034089449532263894,-0.027471384820865197,-0.03389010628472833,-0.061677386938385315,-0.037498628580192594,0.01233444931607809,115
229,3.759348917007446,0.39426635498100365,0.2919776916503906,0.044766310492654185,1.0,2000,5,1000.0,linear,7500,"{'C': 1.0, 'cache_size': 2000, 'degree': 5, 'gamma': 1000.0, 'kernel': 'linear', 'max_iter': 7500}",0.1174197394337334,0.22631823305336796,-0.15398148249622,0.2650373262529361,0.2831995114904279,0.14759866554684906,0.16139241124197096,43
230,3.3967663764953615,0.19950406394175424,0.3187404632568359,0.04145824132014937,1.0,2000,5,1000.0,poly,7500,"{'C': 1.0, 'cache_size': 2000, 'degree': 5, 'gamma': 1000.0, 'kernel': 'poly', 'max_iter': 7500}",-2.5422075931824728e+75,-5.141182519481885e+75,-4.765831418357852e+74,-8.035651537409592e+75,-2.048369221439678e+76,-7.335863401261303e+75,7.04557438100727e+75,240
231,2.374925231933594,0.13728193105149214,0.2937408447265625,0.05879537865862378,1.0,2000,5,1000.0,sigmoid,7500,"{'C': 1.0, 'cache_size': 2000, 'degree': 5, 'gamma': 1000.0, 'kernel': 'sigmoid', 'max_iter': 7500}",-0.03949380810519654,-0.04369112409596787,-0.03705699880972002,-0.042537357951423216,-0.06992927525412185,-0.0465417128432859,0.011922848244633253,159
232,5.1179807662963865,0.3176227699124748,0.7038709640502929,0.09391272277241772,1.0,2000,5,auto,rbf,7500,"{'C': 1.0, 'cache_size': 2000, 'degree': 5, 'gamma': 'auto', 'kernel': 'rbf', 'max_iter': 7500}",0.1192286735347361,0.08567585809922529,0.06532016578627331,0.12574010044408745,0.09308369824309692,0.09780969922148382,0.022199165486805884,63
233,3.1230305671691894,0.26184139854319827,0.2374950408935547,0.03878043764509763,1.0,2000,5,auto,linear,7500,"{'C': 1.0, 'cache_size': 2000, 'degree': 5, 'gamma': 'auto', 'kernel': 'linear', 'max_iter': 7500}",0.1174197394337334,0.22631823305336796,-0.15398148249622,0.2650373262529361,0.2831995114904279,0.14759866554684906,0.16139241124197096,43
234,1.2468336582183839,0.06434416390426843,0.01874990463256836,0.006252193550937052,1.0,2000,5,auto,poly,7500,"{'C': 1.0, 'cache_size': 2000, 'degree': 5, 'gamma': 'auto', 'kernel': 'poly', 'max_iter': 7500}",-500971.5462529523,-8.339437088229248e+17,-2.9546460114067224e+16,-1.0081412237162353e+20,-4056251.543464403,-2.033552250811302e+19,4.024056715871092e+19,230
235,2.0530558586120606,0.0629641182225259,0.29999394416809083,0.049803098863968547,1.0,2000,5,auto,sigmoid,7500,"{'C': 1.0, 'cache_size': 2000, 'degree': 5, 'gamma': 'auto', 'kernel': 'sigmoid', 'max_iter': 7500}",-0.03949380810519654,-0.04369112409596787,-0.03705699880972002,-0.042537357951423216,-0.06992927525412185,-0.0465417128432859,0.011922848244633253,159
236,3.909250783920288,0.20995019018842,0.6025171756744385,0.06902073620397473,1.0,2000,5,scale,rbf,7500,"{'C': 1.0, 'cache_size': 2000, 'degree': 5, 'gamma': 'scale', 'kernel': 'rbf', 'max_iter': 7500}",0.02612966292614871,0.009460724715487978,0.010858415554469314,0.019822997261490727,0.0044793832151130974,0.014150236734541966,0.007772256832206951,80
237,2.970009756088257,0.28062307335156395,0.193154239654541,0.030759403087658444,1.0,2000,5,scale,linear,7500,"{'C': 1.0, 'cache_size': 2000, 'degree': 5, 'gamma': 'scale', 'kernel': 'linear', 'max_iter': 7500}",0.1174197394337334,0.22631823305336796,-0.15398148249622,0.2650373262529361,0.2831995114904279,0.14759866554684906,0.16139241124197096,43
238,3.359269046783447,0.13798975223494075,0.34998779296875,0.05284769113171852,1.0,2000,5,scale,poly,7500,"{'C': 1.0, 'cache_size': 2000, 'degree': 5, 'gamma': 'scale', 'kernel': 'poly', 'max_iter': 7500}",-44.44759944508159,-193.38213503686487,-12.108466278905315,-265.38854421411617,0.04653626939370503,-103.05604174111484,106.62757342493946,205
239,3.431141471862793,0.30975921900755987,0.4343614101409912,0.05711023272878706,1.0,2000,5,scale,sigmoid,7500,"{'C': 1.0, 'cache_size': 2000, 'degree': 5, 'gamma': 'scale', 'kernel': 'sigmoid', 'max_iter': 7500}",-0.18394964709523776,-0.1576594748723139,-0.10820269705940322,-0.17448800701397738,-0.1959495752696554,-0.16404988026211753,0.03060160422068734,197
